/home/biorobotics/macc_decom_test_7x7/random_11_10.txt,,"96050071716309
",
/home/biorobotics/macc_decom_test_7x7/random_58_1.txt,,"0356559753418
",
/home/biorobotics/macc_decom_test_7x7/random_20_2.txt,,"0825710296631
",
/home/biorobotics/macc_decom_test_7x7/random_11_5.txt,,"6677551269531
",
/home/biorobotics/macc_decom_test_7x7/random_1_4.txt,,"54924964904785
",
/home/biorobotics/macc_decom_test_7x7/random_7_7.txt,,"98118019104004
",
/home/biorobotics/macc_decom_test_7x7/random_66_7.txt,,"56719970703125
",
/home/biorobotics/macc_decom_test_7x7/random_79_7.txt,,"81593322753906
",
/home/biorobotics/macc_decom_test_7x7/random_31_10.txt,,"51579475402832
",
/home/biorobotics/macc_decom_test_7x7/random_3_4.txt,,"2379837036133
",
/home/biorobotics/macc_decom_test_7x7/random_10_6.txt,,"99824905395508
",
/home/biorobotics/macc_decom_test_7x7/random_10_10.txt,,"336576461791992
",
/home/biorobotics/macc_decom_test_7x7/random_3_1.txt,,"8322505950928
",
/home/biorobotics/macc_decom_test_7x7/random_78_7.txt,,"39940452575684
",
/home/biorobotics/macc_decom_test_7x7/random_68_3.txt,,"539875030517578
",
/home/biorobotics/macc_decom_test_7x7/random_2_7.txt,,"349233627319336
",
/home/biorobotics/macc_decom_test_7x7/random_16_5.txt,,"8232536315918
",
/home/biorobotics/macc_decom_test_7x7/random_22_4.txt,,"98528099060059
",
/home/biorobotics/macc_decom_test_7x7/random_49_2.txt,,"12823486328125
",
/home/biorobotics/macc_decom_test_7x7/random_67_7.txt,,"06116676330566
",
/home/biorobotics/macc_decom_test_7x7/random_54_6.txt,,"18699645996094
",
/home/biorobotics/macc_decom_test_7x7/random_7_2.txt,,"24895286560059
",
/home/biorobotics/macc_decom_test_7x7/random_30_6.txt,,"6727237701416
",
/home/biorobotics/macc_decom_test_7x7/random_79_2.txt,,"31461524963379
",
/home/biorobotics/macc_decom_test_7x7/random_68_6.txt,,"829763412475586
",
/home/biorobotics/macc_decom_test_7x7/random_43_1.txt,,"5641231536865
",
/home/biorobotics/macc_decom_test_7x7/random_14_2.txt,,"19176483154297
",
/home/biorobotics/macc_decom_test_7x7/random_54_0.txt,,"0874080657959
",
/home/biorobotics/macc_decom_test_7x7/random_47_7.txt,,"58245277404785
",
/home/biorobotics/macc_decom_test_7x7/random_19_6.txt,,"92466735839844
",
/home/biorobotics/macc_decom_test_7x7/random_1_0.txt,,"5940399169922
",
/home/biorobotics/macc_decom_test_7x7/random_45_3.txt,,"0688133239746
",
/home/biorobotics/macc_decom_test_7x7/random_42_8.txt,,"70534896850586
",
/home/biorobotics/macc_decom_test_7x7/random_76_3.txt,,"34456253051758
",
/home/biorobotics/macc_decom_test_7x7/random_4_5.txt,,"59594535827637
",
/home/biorobotics/macc_decom_test_7x7/random_30_7.txt,,"1510238647461
",
/home/biorobotics/macc_decom_test_7x7/random_17_6.txt,,"93508338928223
",
/home/biorobotics/macc_decom_test_7x7/random_30_5.txt,,"763427734375
",
/home/biorobotics/macc_decom_test_7x7/random_3_6.txt,,"1838035583496
",
/home/biorobotics/macc_decom_test_7x7/random_37_2.txt,,"91708946228027
",
/home/biorobotics/macc_decom_test_7x7/random_19_8.txt,,"10696029663086
",
/home/biorobotics/macc_decom_test_7x7/random_41_4.txt,,"86936950683594
",
/home/biorobotics/macc_decom_test_7x7/random_64_2.txt,,"7419548034668
",
/home/biorobotics/macc_decom_test_7x7/random_81_12.txt,,"448467254638672
",
/home/biorobotics/macc_decom_test_7x7/random_24_3.txt,,"3541374206543
",
/home/biorobotics/macc_decom_test_7x7/random_16_10.txt,,"583723068237305
",
/home/biorobotics/macc_decom_test_7x7/random_76_9.txt,,"7076473236084
",
/home/biorobotics/macc_decom_test_7x7/random_11_12.txt,,"2416820526123
",
/home/biorobotics/macc_decom_test_7x7/random_60_4.txt,,"2856388092041
",
/home/biorobotics/macc_decom_test_7x7/random_30_9.txt,,"16625785827637
",
/home/biorobotics/macc_decom_test_7x7/random_41_1.txt,,"18297004699707
",
/home/biorobotics/macc_decom_test_7x7/random_51_1.txt,,"48501205444336
",
/home/biorobotics/macc_decom_test_7x7/random_32_1.txt,,"86880493164062
",
/home/biorobotics/macc_decom_test_7x7/random_40_1.txt,,"5846195220947
",
/home/biorobotics/macc_decom_test_7x7/random_15_0.txt,,"08819961547852
",
/home/biorobotics/macc_decom_test_7x7/random_34_1.txt,,"33919334411621
",
/home/biorobotics/macc_decom_test_7x7/random_32_8.txt,,"93321800231934
",
/home/biorobotics/macc_decom_test_7x7/random_44_0.txt,,"62543106079102
",
/home/biorobotics/macc_decom_test_7x7/random_68_1.txt,,"927713394165
",
/home/biorobotics/macc_decom_test_7x7/random_76_10.txt,,"766828536987305
",
/home/biorobotics/macc_decom_test_7x7/random_14_6.txt,,"72037315368652
",
/home/biorobotics/macc_decom_test_7x7/random_78_4.txt,,"07902717590332
",
/home/biorobotics/macc_decom_test_7x7/random_20_4.txt,,"956558227539062
",
/home/biorobotics/macc_decom_test_7x7/random_81_10.txt,,"99046516418457
",
/home/biorobotics/macc_decom_test_7x7/random_3_0.txt,,"7971534729004
",
/home/biorobotics/macc_decom_test_7x7/random_72_2.txt,,"34947967529297
",
/home/biorobotics/macc_decom_test_7x7/random_11_4.txt,,"4994068145752
",
/home/biorobotics/macc_decom_test_7x7/random_61_2.txt,,"79916191101074
",
/home/biorobotics/macc_decom_test_7x7/random_73_1.txt,,"79710388183594
",
/home/biorobotics/macc_decom_test_7x7/random_15_3.txt,,"0644187927246
",
/home/biorobotics/macc_decom_test_7x7/random_75_10.txt,,"582624435424805
",
/home/biorobotics/macc_decom_test_7x7/random_81_7.txt,,"40793037414551
",
/home/biorobotics/macc_decom_test_7x7/random_34_0.txt,,"21811866760254
",
/home/biorobotics/macc_decom_test_7x7/random_67_5.txt,,"09078407287598
",
/home/biorobotics/macc_decom_test_7x7/random_16_9.txt,,"56355476379395
",
/home/biorobotics/macc_decom_test_7x7/random_52_6.txt,,"14995193481445
",
/home/biorobotics/macc_decom_test_7x7/random_41_0.txt,,"8522891998291
",
/home/biorobotics/macc_decom_test_7x7/random_7_6.txt,,"52915954589844
",
/home/biorobotics/macc_decom_test_7x7/random_43_10.txt,,"67323684692383
",
/home/biorobotics/macc_decom_test_7x7/random_72_4.txt,,"17395782470703
",
/home/biorobotics/macc_decom_test_7x7/random_24_4.txt,,"92821884155273
",
/home/biorobotics/macc_decom_test_7x7/random_39_7.txt,,"005765914917
",
/home/biorobotics/macc_decom_test_7x7/random_10_3.txt,,"73607635498047
",
/home/biorobotics/macc_decom_test_7x7/random_77_5.txt,,"13216972351074
",
/home/biorobotics/macc_decom_test_7x7/random_66_3.txt,,"0037136077881
",
/home/biorobotics/macc_decom_test_7x7/random_19_2.txt,,"47951889038086
",
/home/biorobotics/macc_decom_test_7x7/random_11_1.txt,,"86140823364258
",
/home/biorobotics/macc_decom_test_7x7/random_51_5.txt,,"17528533935547
",
/home/biorobotics/macc_decom_test_7x7/random_36_6.txt,,"2033519744873
",
/home/biorobotics/macc_decom_test_7x7/random_26_9.txt,,"74027252197266
",
/home/biorobotics/macc_decom_test_7x7/random_79_1.txt,,"30592727661133
",
/home/biorobotics/macc_decom_test_7x7/random_50_1.txt,,"08718490600586
",
/home/biorobotics/macc_decom_test_7x7/random_10_0.txt,,"5633888244629
",
/home/biorobotics/macc_decom_test_7x7/random_81_1.txt,,"24202919006348
",
/home/biorobotics/macc_decom_test_7x7/random_77_3.txt,,"86577415466309
",
/home/biorobotics/macc_decom_test_7x7/random_80_3.txt,,"6658725738525
",
/home/biorobotics/macc_decom_test_7x7/random_14_10.txt,,"142047882080078
",
/home/biorobotics/macc_decom_test_7x7/random_40_0.txt,,"38521957397461
",
/home/biorobotics/macc_decom_test_7x7/random_78_11.txt,,"48667335510254
",
/home/biorobotics/macc_decom_test_7x7/random_47_6.txt,,"90769386291504
",
/home/biorobotics/macc_decom_test_7x7/random_22_1.txt,,"55826950073242
",
/home/biorobotics/macc_decom_test_7x7/random_1_6.txt,,"75795555114746
",
/home/biorobotics/macc_decom_test_7x7/random_47_0.txt,,"1868953704834
",
/home/biorobotics/macc_decom_test_7x7/random_59_0.txt,,"63309288024902
",
/home/biorobotics/macc_decom_test_7x7/random_43_11.txt,,"58150863647461
",
/home/biorobotics/macc_decom_test_7x7/random_75_5.txt,,"50988388061523
",
/home/biorobotics/macc_decom_test_7x7/random_79_3.txt,,"44409370422363
",
/home/biorobotics/macc_decom_test_7x7/random_46_7.txt,,"42552947998047
",
/home/biorobotics/macc_decom_test_7x7/random_63_5.txt,,"6514434814453
",
/home/biorobotics/macc_decom_test_7x7/random_17_4.txt,,"13838386535645
",
/home/biorobotics/macc_decom_test_7x7/random_24_2.txt,,"26324653625488
",
/home/biorobotics/macc_decom_test_7x7/random_83_6.txt,,"27899742126465
",
/home/biorobotics/macc_decom_test_7x7/random_9_2.txt,,"01186180114746
",
/home/biorobotics/macc_decom_test_7x7/random_53_0.txt,,"09866523742676
",
/home/biorobotics/macc_decom_test_7x7/random_76_1.txt,,"60125350952148
",
/home/biorobotics/macc_decom_test_7x7/random_78_12.txt,,"270606994628906
",
/home/biorobotics/macc_decom_test_7x7/random_57_3.txt,,"5826587677002
",
/home/biorobotics/macc_decom_test_7x7/random_30_8.txt,,"6089725494385
",
/home/biorobotics/macc_decom_test_7x7/random_3_3.txt,,"08853912353516
",
/home/biorobotics/macc_decom_test_7x7/random_26_11.txt,,"67647171020508
",
/home/biorobotics/macc_decom_test_7x7/random_45_4.txt,,"02698516845703
",
/home/biorobotics/macc_decom_test_7x7/random_84_8.txt,,"30321884155273
",
/home/biorobotics/macc_decom_test_7x7/random_26_1.txt,,"0641498565674
",
/home/biorobotics/macc_decom_test_7x7/random_55_1.txt,,"3276062011719
",
/home/biorobotics/macc_decom_test_7x7/random_19_12.txt,,"44112586975098
",
/home/biorobotics/macc_decom_test_7x7/random_84_7.txt,,"0908432006836
",
/home/biorobotics/macc_decom_test_7x7/random_69_2.txt,,"448137283325195
",
/home/biorobotics/macc_decom_test_7x7/random_63_7.txt,,"53104591369629
",
/home/biorobotics/macc_decom_test_7x7/random_50_3.txt,,"97144508361816
",
/home/biorobotics/macc_decom_test_7x7/random_11_0.txt,,"81729316711426
",
/home/biorobotics/macc_decom_test_7x7/random_46_8.txt,,"655912399292
",
/home/biorobotics/macc_decom_test_7x7/random_56_9.txt,,"66228866577148
",
/home/biorobotics/macc_decom_test_7x7/random_77_1.txt,,"09231758117676
",
/home/biorobotics/macc_decom_test_7x7/random_73_2.txt,,"5442371368408
",
/home/biorobotics/macc_decom_test_7x7/random_80_14.txt,,"25389289855957
",
/home/biorobotics/macc_decom_test_7x7/random_45_6.txt,,"76044654846191
",
/home/biorobotics/macc_decom_test_7x7/random_70_5.txt,,"71368408203125
",
/home/biorobotics/macc_decom_test_7x7/random_36_4.txt,,"67386627197266
",
/home/biorobotics/macc_decom_test_7x7/random_53_6.txt,,"10411071777344
",
/home/biorobotics/macc_decom_test_7x7/random_6_7.txt,,"21895790100098
",
/home/biorobotics/macc_decom_test_7x7/random_82_8.txt,,"14390182495117
",
/home/biorobotics/macc_decom_test_7x7/random_1_7.txt,,"367021560668945
",
/home/biorobotics/macc_decom_test_7x7/random_67_2.txt,,"5268383026123
",
/home/biorobotics/macc_decom_test_7x7/random_35_2.txt,,"90907287597656
",
/home/biorobotics/macc_decom_test_7x7/random_2_6.txt,,"38675880432129
",
/home/biorobotics/macc_decom_test_7x7/random_43_0.txt,,"0965232849121
",
/home/biorobotics/macc_decom_test_7x7/random_53_4.txt,,"0326900482178
",
/home/biorobotics/macc_decom_test_7x7/random_19_11.txt,,"36582374572754
",
/home/biorobotics/macc_decom_test_7x7/random_9_7.txt,,"35122108459473
",
/home/biorobotics/macc_decom_test_7x7/random_80_9.txt,,"55713081359863
",
/home/biorobotics/macc_decom_test_7x7/random_25_4.txt,,"24337959289551
",
/home/biorobotics/macc_decom_test_7x7/random_0_1.txt,,"0684909820557
",
/home/biorobotics/macc_decom_test_7x7/random_23_6.txt,,"06968688964844
",
/home/biorobotics/macc_decom_test_7x7/random_4_7.txt,,"04063034057617
",
/home/biorobotics/macc_decom_test_7x7/random_23_7.txt,,"62895965576172
",
/home/biorobotics/macc_decom_test_7x7/random_75_8.txt,,"18332290649414
",
/home/biorobotics/macc_decom_test_7x7/random_25_7.txt,,"581815719604492
",
/home/biorobotics/macc_decom_test_7x7/random_34_4.txt,,"57371520996094
",
/home/biorobotics/macc_decom_test_7x7/random_12_0.txt,,"5077781677246
",
/home/biorobotics/macc_decom_test_7x7/random_6_9.txt,,"216238021850586
",
/home/biorobotics/macc_decom_test_7x7/random_53_1.txt,,"33592796325684
",
/home/biorobotics/macc_decom_test_7x7/random_6_1.txt,,"6208667755127
",
/home/biorobotics/macc_decom_test_7x7/random_16_8.txt,,"07194137573242
",
/home/biorobotics/macc_decom_test_7x7/random_38_2.txt,,"4537868499756
",
/home/biorobotics/macc_decom_test_7x7/random_31_2.txt,,"66667747497559
",
/home/biorobotics/macc_decom_test_7x7/random_21_8.txt,,"512052536010742
",
/home/biorobotics/macc_decom_test_7x7/random_27_5.txt,,"80818939208984
",
/home/biorobotics/macc_decom_test_7x7/random_60_3.txt,,"4011116027832
",
/home/biorobotics/macc_decom_test_7x7/random_22_3.txt,,"05074310302734
",
/home/biorobotics/macc_decom_test_7x7/random_40_10.txt,,"41234588623047
",
/home/biorobotics/macc_decom_test_7x7/random_21_4.txt,,"65916633605957
",
/home/biorobotics/macc_decom_test_7x7/random_36_9.txt,,"25351333618164
",
/home/biorobotics/macc_decom_test_7x7/random_16_0.txt,,"1840572357178
",
/home/biorobotics/macc_decom_test_7x7/random_6_4.txt,,"8362503051758
",
/home/biorobotics/macc_decom_test_7x7/random_80_15.txt,,"84717559814453
",
/home/biorobotics/macc_decom_test_7x7/random_83_0.txt,,"01074600219727
",
/home/biorobotics/macc_decom_test_7x7/random_47_9.txt,,"124736785888672
",
/home/biorobotics/macc_decom_test_7x7/random_65_7.txt,,"57552528381348
",
/home/biorobotics/macc_decom_test_7x7/random_38_0.txt,,"53466415405273
",
/home/biorobotics/macc_decom_test_7x7/random_68_4.txt,,"90014839172363
",
/home/biorobotics/macc_decom_test_7x7/random_65_4.txt,,"9960594177246
",
/home/biorobotics/macc_decom_test_7x7/random_46_5.txt,,"64857482910156
",
/home/biorobotics/macc_decom_test_7x7/random_2_4.txt,,"7870044708252
",
/home/biorobotics/macc_decom_test_7x7/random_57_6.txt,,"536081314086914
",
/home/biorobotics/macc_decom_test_7x7/random_24_11.txt,,"475004196166992
",
/home/biorobotics/macc_decom_test_7x7/random_49_7.txt,,"95475387573242
",
/home/biorobotics/macc_decom_test_7x7/random_20_9.txt,,"84783935546875
",
/home/biorobotics/macc_decom_test_7x7/random_61_5.txt,,"247833251953125
",
/home/biorobotics/macc_decom_test_7x7/random_5_7.txt,,"0886459350586
",
/home/biorobotics/macc_decom_test_7x7/random_50_7.txt,,"93589210510254
",
/home/biorobotics/macc_decom_test_7x7/random_32_11.txt,,"51424407958984
",
/home/biorobotics/macc_decom_test_7x7/random_58_7.txt,,"007320404052734
",
/home/biorobotics/macc_decom_test_7x7/random_65_5.txt,,"50110626220703
",
/home/biorobotics/macc_decom_test_7x7/random_24_10.txt,,"840499877929688
",
/home/biorobotics/macc_decom_test_7x7/random_15_7.txt,,"783300399780273
",
/home/biorobotics/macc_decom_test_7x7/random_49_8.txt,,"45501136779785
",
/home/biorobotics/macc_decom_test_7x7/random_32_2.txt,,"98542213439941
",
/home/biorobotics/macc_decom_test_7x7/random_38_7.txt,,"01591682434082
",
/home/biorobotics/macc_decom_test_7x7/random_32_5.txt,,"21056175231934
",
/home/biorobotics/macc_decom_test_7x7/random_39_8.txt,,"92408180236816
",
/home/biorobotics/macc_decom_test_7x7/random_21_0.txt,,"68043327331543
",
/home/biorobotics/macc_decom_test_7x7/random_84_10.txt,,"523496627807617
",
/home/biorobotics/macc_decom_test_7x7/random_12_5.txt,,"51243019104004
",
/home/biorobotics/macc_decom_test_7x7/random_42_3.txt,,"0224494934082
",
/home/biorobotics/macc_decom_test_7x7/random_36_1.txt,,"02687454223633
",
/home/biorobotics/macc_decom_test_7x7/random_44_6.txt,,"88088607788086
",
/home/biorobotics/macc_decom_test_7x7/random_33_5.txt,,"34267234802246
",
/home/biorobotics/macc_decom_test_7x7/random_48_7.txt,,"74769592285156
",
/home/biorobotics/macc_decom_test_7x7/random_10_1.txt,,"78585243225098
",
/home/biorobotics/macc_decom_test_7x7/random_8_4.txt,,"31616973876953
",
/home/biorobotics/macc_decom_test_7x7/random_5_0.txt,,"6673412322998
",
/home/biorobotics/macc_decom_test_7x7/random_23_1.txt,,"18799018859863
",
/home/biorobotics/macc_decom_test_7x7/random_77_12.txt,,"979915618896484
",
/home/biorobotics/macc_decom_test_7x7/random_78_0.txt,,"42671394348145
",
/home/biorobotics/macc_decom_test_7x7/random_78_8.txt,,"17790794372559
",
/home/biorobotics/macc_decom_test_7x7/random_78_13.txt,,"18549156188965
",
/home/biorobotics/macc_decom_test_7x7/random_0_6.txt,,"50839805603027
",
/home/biorobotics/macc_decom_test_7x7/random_83_13.txt,,"70941352844238
",
/home/biorobotics/macc_decom_test_7x7/random_24_9.txt,,"5689640045166
",
/home/biorobotics/macc_decom_test_7x7/random_53_3.txt,,"4641170501709
",
/home/biorobotics/macc_decom_test_7x7/random_53_7.txt,,"33560180664062
",
/home/biorobotics/macc_decom_test_7x7/random_11_11.txt,,"95688247680664
",
/home/biorobotics/macc_decom_test_7x7/random_16_6.txt,,"906494140625
",
/home/biorobotics/macc_decom_test_7x7/random_14_7.txt,,"30958366394043
",
/home/biorobotics/macc_decom_test_7x7/random_79_14.txt,,"93028831481934
",
/home/biorobotics/macc_decom_test_7x7/random_49_3.txt,,"3178997039795
",
/home/biorobotics/macc_decom_test_7x7/random_24_6.txt,,"11917877197266
",
/home/biorobotics/macc_decom_test_7x7/random_4_4.txt,,"23247146606445
",
/home/biorobotics/macc_decom_test_7x7/random_75_7.txt,,"163423538208
",
/home/biorobotics/macc_decom_test_7x7/random_80_11.txt,,"82931709289551
",
/home/biorobotics/macc_decom_test_7x7/random_9_9.txt,,"90768623352051
",
/home/biorobotics/macc_decom_test_7x7/random_37_6.txt,,"46866035461426
",
/home/biorobotics/macc_decom_test_7x7/random_18_1.txt,,"93389511108398
",
/home/biorobotics/macc_decom_test_7x7/random_36_5.txt,,"9430637359619
",
/home/biorobotics/macc_decom_test_7x7/random_74_0.txt,,"7699012756348
",
/home/biorobotics/macc_decom_test_7x7/random_46_9.txt,,"25020980834961
",
/home/biorobotics/macc_decom_test_7x7/random_69_4.txt,,"83060264587402
",
/home/biorobotics/macc_decom_test_7x7/random_55_4.txt,,"87608528137207
",
/home/biorobotics/macc_decom_test_7x7/random_43_5.txt,,"23078536987305
",
/home/biorobotics/macc_decom_test_7x7/random_70_4.txt,,"37769508361816
",
/home/biorobotics/macc_decom_test_7x7/random_39_9.txt,,"37825775146484
",
/home/biorobotics/macc_decom_test_7x7/random_57_0.txt,,"69232559204102
",
/home/biorobotics/macc_decom_test_7x7/random_33_4.txt,,"36328125
",
/home/biorobotics/macc_decom_test_7x7/random_25_1.txt,,"9719352722168
",
/home/biorobotics/macc_decom_test_7x7/random_59_6.txt,,"21743774414062
",
/home/biorobotics/macc_decom_test_7x7/random_27_3.txt,,"909029006958
",
/home/biorobotics/macc_decom_test_7x7/random_38_5.txt,,"34317588806152
",
/home/biorobotics/macc_decom_test_7x7/random_56_1.txt,,"7850818634033
",
/home/biorobotics/macc_decom_test_7x7/random_43_7.txt,,"81809997558594
",
/home/biorobotics/macc_decom_test_7x7/random_44_5.txt,,"84930038452148
",
/home/biorobotics/macc_decom_test_7x7/random_50_2.txt,,"81263160705566
",
/home/biorobotics/macc_decom_test_7x7/random_11_3.txt,,"69964027404785
",
/home/biorobotics/macc_decom_test_7x7/random_1_8.txt,,"1052188873291
",
/home/biorobotics/macc_decom_test_7x7/random_82_5.txt,,"86136627197266
",
/home/biorobotics/macc_decom_test_7x7/random_30_11.txt,,"970720291137695
",
/home/biorobotics/macc_decom_test_7x7/random_70_2.txt,,"55691337585449
",
/home/biorobotics/macc_decom_test_7x7/random_7_5.txt,,"6846466064453
",
/home/biorobotics/macc_decom_test_7x7/random_55_0.txt,,"12783813476562
",
/home/biorobotics/macc_decom_test_7x7/random_13_3.txt,,"8962936401367
",
/home/biorobotics/macc_decom_test_7x7/random_46_0.txt,,"58609199523926
",
/home/biorobotics/macc_decom_test_7x7/random_35_3.txt,,"93017768859863
",
/home/biorobotics/macc_decom_test_7x7/random_59_3.txt,,"89916610717773
",
/home/biorobotics/macc_decom_test_7x7/random_21_6.txt,,"802757263183594
",
/home/biorobotics/macc_decom_test_7x7/random_77_9.txt,,"50640296936035
",
/home/biorobotics/macc_decom_test_7x7/random_64_8.txt,,"72670364379883
",
/home/biorobotics/macc_decom_test_7x7/random_52_1.txt,,"32161903381348
",
/home/biorobotics/macc_decom_test_7x7/random_12_4.txt,,"58787536621094
",
/home/biorobotics/macc_decom_test_7x7/random_9_4.txt,,"20549964904785
",
/home/biorobotics/macc_decom_test_7x7/random_74_4.txt,,"4693603515625
",
/home/biorobotics/macc_decom_test_7x7/random_43_4.txt,,"96575355529785
",
/home/biorobotics/macc_decom_test_7x7/random_19_5.txt,,"6532230377197
",
/home/biorobotics/macc_decom_test_7x7/random_45_11.txt,,"040170669555664
",
/home/biorobotics/macc_decom_test_7x7/random_4_0.txt,,"94678688049316
",
/home/biorobotics/macc_decom_test_7x7/random_58_2.txt,,"569679260254
",
/home/biorobotics/macc_decom_test_7x7/random_81_0.txt,,"97460746765137
",
/home/biorobotics/macc_decom_test_7x7/random_26_2.txt,,"97497177124023
",
/home/biorobotics/macc_decom_test_7x7/random_9_8.txt,,"41726112365723
",
/home/biorobotics/macc_decom_test_7x7/random_52_9.txt,,"60333442687988
",
/home/biorobotics/macc_decom_test_7x7/random_38_3.txt,,"70919609069824
",
/home/biorobotics/macc_decom_test_7x7/random_48_4.txt,,"6701717376709
",
/home/biorobotics/macc_decom_test_7x7/random_11_2.txt,,"11109161376953
",
/home/biorobotics/macc_decom_test_7x7/random_51_9.txt,,"22382926940918
",
/home/biorobotics/macc_decom_test_7x7/random_12_8.txt,,"931503295898438
",
/home/biorobotics/macc_decom_test_7x7/random_56_3.txt,,"8825931549072
",
/home/biorobotics/macc_decom_test_7x7/random_2_0.txt,,"83717918395996
",
/home/biorobotics/macc_decom_test_7x7/random_78_5.txt,,"17666435241699
",
/home/biorobotics/macc_decom_test_7x7/random_58_4.txt,,"9956932067871
",
/home/biorobotics/macc_decom_test_7x7/random_21_5.txt,,"68592643737793
",
/home/biorobotics/macc_decom_test_7x7/random_77_10.txt,,"25915145874023
",
/home/biorobotics/macc_decom_test_7x7/random_42_4.txt,,"3910503387451
",
/home/biorobotics/macc_decom_test_7x7/random_65_2.txt,,"42246437072754
",
/home/biorobotics/macc_decom_test_7x7/random_9_0.txt,,"97312355041504
",
/home/biorobotics/macc_decom_test_7x7/random_82_0.txt,,"0031261444092
",
/home/biorobotics/macc_decom_test_7x7/random_66_8.txt,,"798675537109375
",
/home/biorobotics/macc_decom_test_7x7/random_2_8.txt,,"5527095794678
",
/home/biorobotics/macc_decom_test_7x7/random_33_0.txt,,"9676113128662
",
/home/biorobotics/macc_decom_test_7x7/random_81_11.txt,,"97580146789551
",
/home/biorobotics/macc_decom_test_7x7/random_83_9.txt,,"6090259552002
",
/home/biorobotics/macc_decom_test_7x7/random_46_6.txt,,"2398719787598
",
/home/biorobotics/macc_decom_test_7x7/random_80_8.txt,,"08491897583008
",
/home/biorobotics/macc_decom_test_7x7/random_42_5.txt,,"731502532959
",
/home/biorobotics/macc_decom_test_7x7/random_70_1.txt,,"270881652832
",
/home/biorobotics/macc_decom_test_7x7/random_62_2.txt,,"75852966308594
",
/home/biorobotics/macc_decom_test_7x7/random_67_3.txt,,"75794410705566
",
/home/biorobotics/macc_decom_test_7x7/random_27_6.txt,,"576778411865234
",
/home/biorobotics/macc_decom_test_7x7/random_72_1.txt,,"48141479492188
",
/home/biorobotics/macc_decom_test_7x7/random_1_3.txt,,"5404987335205
",
/home/biorobotics/macc_decom_test_7x7/random_45_8.txt,,"193784713745117
",
/home/biorobotics/macc_decom_test_7x7/random_79_8.txt,,"37751579284668
",
/home/biorobotics/macc_decom_test_7x7/random_83_12.txt,,"03793525695801
",
/home/biorobotics/macc_decom_test_7x7/random_75_1.txt,,"01022148132324
",
/home/biorobotics/macc_decom_test_7x7/random_49_5.txt,,"90401458740234
",
/home/biorobotics/macc_decom_test_7x7/random_36_3.txt,,"2683162689209
",
/home/biorobotics/macc_decom_test_7x7/random_5_4.txt,,"19365501403809
",
/home/biorobotics/macc_decom_test_7x7/random_30_3.txt,,"4342632293701
",
/home/biorobotics/macc_decom_test_7x7/random_33_3.txt,,"0777416229248
",
/home/biorobotics/macc_decom_test_7x7/random_27_1.txt,,"42859649658203
",
/home/biorobotics/macc_decom_test_7x7/random_46_4.txt,,"95054626464844
",
/home/biorobotics/macc_decom_test_7x7/random_68_5.txt,,"71036148071289
",
/home/biorobotics/macc_decom_test_7x7/random_5_1.txt,,"95455169677734
",
/home/biorobotics/macc_decom_test_7x7/random_63_4.txt,,"1875457763672
",
/home/biorobotics/macc_decom_test_7x7/random_40_11.txt,,"68962287902832
",
/home/biorobotics/macc_decom_test_7x7/random_59_7.txt,,"4416389465332
",
/home/biorobotics/macc_decom_test_7x7/random_24_1.txt,,"72700691223145
",
/home/biorobotics/macc_decom_test_7x7/random_22_2.txt,,"12196731567383
",
/home/biorobotics/macc_decom_test_7x7/random_82_4.txt,,"70966148376465
",
/home/biorobotics/macc_decom_test_7x7/random_82_2.txt,,"87211036682129
",
/home/biorobotics/macc_decom_test_7x7/random_61_7.txt,,"77897834777832
",
/home/biorobotics/macc_decom_test_7x7/random_66_6.txt,,"09106254577637
",
/home/biorobotics/macc_decom_test_7x7/random_80_4.txt,,"5963821411133
",
/home/biorobotics/macc_decom_test_7x7/random_63_3.txt,,"1065425872803
",
/home/biorobotics/macc_decom_test_7x7/random_41_8.txt,,"23126792907715
",
/home/biorobotics/macc_decom_test_7x7/random_19_7.txt,,"68412017822266
",
/home/biorobotics/macc_decom_test_7x7/random_27_4.txt,,"0939178466797
",
/home/biorobotics/macc_decom_test_7x7/random_62_1.txt,,"40978622436523
",
/home/biorobotics/macc_decom_test_7x7/random_70_0.txt,,"57459449768066
",
/home/biorobotics/macc_decom_test_7x7/random_85_1.txt,,"11764144897461
",
/home/biorobotics/macc_decom_test_7x7/random_37_1.txt,,"9448471069336
",
/home/biorobotics/macc_decom_test_7x7/random_32_6.txt,,"67481994628906
",
/home/biorobotics/macc_decom_test_7x7/random_50_0.txt,,"8442039489746
",
/home/biorobotics/macc_decom_test_7x7/random_21_3.txt,,"60529518127441
",
/home/biorobotics/macc_decom_test_7x7/random_70_3.txt,,"37793350219727
",
/home/biorobotics/macc_decom_test_7x7/random_76_6.txt,,"5130786895752
",
/home/biorobotics/macc_decom_test_7x7/random_84_6.txt,,"02569007873535
",
/home/biorobotics/macc_decom_test_7x7/random_36_2.txt,,"165002822876
",
/home/biorobotics/macc_decom_test_7x7/random_69_5.txt,,"05580520629883
",
/home/biorobotics/macc_decom_test_7x7/random_2_3.txt,,"6272125244141
",
/home/biorobotics/macc_decom_test_7x7/random_58_5.txt,,"30541229248047
",
/home/biorobotics/macc_decom_test_7x7/random_14_8.txt,,"120590209960938
",
/home/biorobotics/macc_decom_test_7x7/random_13_6.txt,,"9040222167969
",
/home/biorobotics/macc_decom_test_7x7/random_40_12.txt,,"88255500793457
",
/home/biorobotics/macc_decom_test_7x7/random_48_8.txt,,"360366821289062
",
/home/biorobotics/macc_decom_test_7x7/random_34_7.txt,,"4819393157959
",
/home/biorobotics/macc_decom_test_7x7/random_22_7.txt,,"40531158447266
",
/home/biorobotics/macc_decom_test_7x7/random_57_4.txt,,"993194580078125
",
/home/biorobotics/macc_decom_test_7x7/random_37_3.txt,,"86244010925293
",
/home/biorobotics/macc_decom_test_7x7/random_76_0.txt,,"62808418273926
",
/home/biorobotics/macc_decom_test_7x7/random_49_4.txt,,"7401313781738
",
/home/biorobotics/macc_decom_test_7x7/random_3_7.txt,,"0615234375
",
/home/biorobotics/macc_decom_test_7x7/random_19_1.txt,,"9338264465332
",
/home/biorobotics/macc_decom_test_7x7/random_13_0.txt,,"71982192993164
",
/home/biorobotics/macc_decom_test_7x7/random_31_3.txt,,"90314483642578
",
/home/biorobotics/macc_decom_test_7x7/random_62_5.txt,,"3691234588623
",
/home/biorobotics/macc_decom_test_7x7/random_40_3.txt,,"52567863464355
",
/home/biorobotics/macc_decom_test_7x7/random_63_2.txt,,"8316135406494
",
/home/biorobotics/macc_decom_test_7x7/random_41_9.txt,,"19734001159668
",
/home/biorobotics/macc_decom_test_7x7/random_0_5.txt,,"5954818725586
",
/home/biorobotics/macc_decom_test_7x7/random_69_1.txt,,"34424018859863
",
/home/biorobotics/macc_decom_test_7x7/random_43_3.txt,,"9340229034424
",
/home/biorobotics/macc_decom_test_7x7/random_39_6.txt,,"782958984375
",
/home/biorobotics/macc_decom_test_7x7/random_10_4.txt,,"99689292907715
",
/home/biorobotics/macc_decom_test_7x7/random_38_4.txt,,"66780281066895
",
/home/biorobotics/macc_decom_test_7x7/random_51_8.txt,,"72645568847656
",
/home/biorobotics/macc_decom_test_7x7/random_78_2.txt,,"68501091003418
",
/home/biorobotics/macc_decom_test_7x7/random_77_4.txt,,"8149147033691
",
/home/biorobotics/macc_decom_test_7x7/random_52_2.txt,,"5161991119385
",
/home/biorobotics/macc_decom_test_7x7/random_72_0.txt,,"25622177124023
",
/home/biorobotics/macc_decom_test_7x7/random_48_2.txt,,"5768222808838
",
/home/biorobotics/macc_decom_test_7x7/random_79_13.txt,,"89702796936035
",
/home/biorobotics/macc_decom_test_7x7/random_5_6.txt,,"980804443359375
",
/home/biorobotics/macc_decom_test_7x7/random_21_1.txt,,"3414554595947
",
/home/biorobotics/macc_decom_test_7x7/random_67_0.txt,,"45061302185059
",
/home/biorobotics/macc_decom_test_7x7/random_46_10.txt,,"05094718933105
",
/home/biorobotics/macc_decom_test_7x7/random_35_4.txt,,"65052604675293
",
/home/biorobotics/macc_decom_test_7x7/random_5_5.txt,,"04526329040527
",
/home/biorobotics/macc_decom_test_7x7/random_17_1.txt,,"3998031616211
",
/home/biorobotics/macc_decom_test_7x7/random_35_6.txt,,"62529754638672
",
/home/biorobotics/macc_decom_test_7x7/random_16_3.txt,,"53212547302246
",
/home/biorobotics/macc_decom_test_7x7/random_40_5.txt,,"60028266906738
",
/home/biorobotics/macc_decom_test_7x7/random_65_10.txt,,"02017593383789
",
/home/biorobotics/macc_decom_test_7x7/random_81_8.txt,,"06264877319336
",
/home/biorobotics/macc_decom_test_7x7/random_4_3.txt,,"31746673583984
",
/home/biorobotics/macc_decom_test_7x7/random_1_2.txt,,"11654090881348
",
/home/biorobotics/macc_decom_test_7x7/random_7_4.txt,,"76866340637207
",
/home/biorobotics/macc_decom_test_7x7/random_22_5.txt,,"0723934173584
",
/home/biorobotics/macc_decom_test_7x7/random_40_9.txt,,"428836822509766
",
/home/biorobotics/macc_decom_test_7x7/random_3_10.txt,,"42653274536133
",
/home/biorobotics/macc_decom_test_7x7/random_55_3.txt,,"1947326660156
",
/home/biorobotics/macc_decom_test_7x7/random_55_2.txt,,"619873046875
",
/home/biorobotics/macc_decom_test_7x7/random_31_4.txt,,"6214256286621
",
/home/biorobotics/macc_decom_test_7x7/random_42_6.txt,,"0389575958252
",
/home/biorobotics/macc_decom_test_7x7/random_34_3.txt,,"6656150817871
",
/home/biorobotics/macc_decom_test_7x7/random_32_0.txt,,"8855571746826
",
/home/biorobotics/macc_decom_test_7x7/random_61_3.txt,,"514497756958
",
/home/biorobotics/macc_decom_test_7x7/random_74_2.txt,,"20839500427246
",
/home/biorobotics/macc_decom_test_7x7/random_35_9.txt,,"5323429107666
",
/home/biorobotics/macc_decom_test_7x7/random_13_8.txt,,"05237579345703
",
/home/biorobotics/macc_decom_test_7x7/random_80_13.txt,,"01824951171875
",
/home/biorobotics/macc_decom_test_7x7/random_17_2.txt,,"3945026397705
",
/home/biorobotics/macc_decom_test_7x7/random_3_11.txt,,"40379333496094
",
/home/biorobotics/macc_decom_test_7x7/random_52_4.txt,,"43784523010254
",
/home/biorobotics/macc_decom_test_7x7/random_47_1.txt,,"2949333190918
",
/home/biorobotics/macc_decom_test_7x7/random_44_2.txt,,"44637298583984
",
/home/biorobotics/macc_decom_test_7x7/random_80_0.txt,,"43929481506348
",
/home/biorobotics/macc_decom_test_7x7/random_49_6.txt,,"5225582122803
",
/home/biorobotics/macc_decom_test_7x7/random_8_1.txt,,"44286918640137
",
/home/biorobotics/macc_decom_test_7x7/random_61_6.txt,,"011871337890625
",
/home/biorobotics/macc_decom_test_7x7/random_45_10.txt,,"62746810913086
",
/home/biorobotics/macc_decom_test_7x7/random_22_6.txt,,"1065731048584
",
/home/biorobotics/macc_decom_test_7x7/random_14_3.txt,,"96942710876465
",
/home/biorobotics/macc_decom_test_7x7/random_7_10.txt,,"66984176635742
",
/home/biorobotics/macc_decom_test_7x7/random_25_2.txt,,"68908309936523
",
/home/biorobotics/macc_decom_test_7x7/random_45_7.txt,,"406837463378906
",
/home/biorobotics/macc_decom_test_7x7/random_60_1.txt,,"238525390625
",
/home/biorobotics/macc_decom_test_7x7/random_16_7.txt,,"1281452178955
",
/home/biorobotics/macc_decom_test_7x7/random_30_10.txt,,"35085487365723
",
/home/biorobotics/macc_decom_test_7x7/random_69_0.txt,,"7057056427002
",
/home/biorobotics/macc_decom_test_7x7/random_52_8.txt,,"20926475524902
",
/home/biorobotics/macc_decom_test_7x7/random_42_7.txt,,"2089672088623
",
/home/biorobotics/macc_decom_test_7x7/random_82_6.txt,,"42931365966797
",
/home/biorobotics/macc_decom_test_7x7/random_53_5.txt,,"10281562805176
",
/home/biorobotics/macc_decom_test_7x7/random_50_4.txt,,"3101692199707
",
/home/biorobotics/macc_decom_test_7x7/random_80_10.txt,,"97736930847168
",
/home/biorobotics/macc_decom_test_7x7/random_82_3.txt,,"2775535583496
",
/home/biorobotics/macc_decom_test_7x7/random_83_11.txt,,"73698806762695
",
/home/biorobotics/macc_decom_test_7x7/random_78_6.txt,,"3850784301758
",
/home/biorobotics/macc_decom_test_7x7/random_39_2.txt,,"13539695739746
",
/home/biorobotics/macc_decom_test_7x7/random_23_2.txt,,"99491882324219
",
/home/biorobotics/macc_decom_test_7x7/random_36_7.txt,,"4332675933838
",
/home/biorobotics/macc_decom_test_7x7/random_15_2.txt,,"91569709777832
",
/home/biorobotics/macc_decom_test_7x7/random_4_9.txt,,"70064735412598
",
/home/biorobotics/macc_decom_test_7x7/random_41_6.txt,,"7547607421875
",
/home/biorobotics/macc_decom_test_7x7/random_15_1.txt,,"58144569396973
",
/home/biorobotics/macc_decom_test_7x7/random_22_0.txt,,"1012077331543
",
/home/biorobotics/macc_decom_test_7x7/random_51_3.txt,,"0057582855225
",
/home/biorobotics/macc_decom_test_7x7/random_65_3.txt,,"68082237243652
",
/home/biorobotics/macc_decom_test_7x7/random_3_5.txt,,"45203018188477
",
/home/biorobotics/macc_decom_test_7x7/random_81_13.txt,,"28832244873047
",
/home/biorobotics/macc_decom_test_7x7/random_52_0.txt,,"9145679473877
",
/home/biorobotics/macc_decom_test_7x7/random_45_9.txt,,"10700035095215
",
/home/biorobotics/macc_decom_test_7x7/random_51_6.txt,,"58313179016113
",
/home/biorobotics/macc_decom_test_7x7/random_77_11.txt,,"64169883728027
",
/home/biorobotics/macc_decom_test_7x7/random_74_6.txt,,"12065315246582
",
/home/biorobotics/macc_decom_test_7x7/random_78_10.txt,,"3928623199463
",
/home/biorobotics/macc_decom_test_7x7/random_12_9.txt,,"664546966552734
",
/home/biorobotics/macc_decom_test_7x7/random_81_5.txt,,"3235969543457
",
/home/biorobotics/macc_decom_test_7x7/random_35_0.txt,,"06430435180664
",
/home/biorobotics/macc_decom_test_7x7/random_8_2.txt,,"55128860473633
",
/home/biorobotics/macc_decom_test_7x7/random_75_4.txt,,"4829692840576
",
/home/biorobotics/macc_decom_test_7x7/random_50_6.txt,,"6807098388672
",
/home/biorobotics/macc_decom_test_7x7/random_3_9.txt,,"4563045501709
",
/home/biorobotics/macc_decom_test_7x7/random_7_0.txt,,"65531730651855
",
/home/biorobotics/macc_decom_test_7x7/random_78_3.txt,,"8220500946045
",
/home/biorobotics/macc_decom_test_7x7/random_84_0.txt,,"30893516540527
",
/home/biorobotics/macc_decom_test_7x7/random_13_9.txt,,"63777542114258
",
/home/biorobotics/macc_decom_test_7x7/random_40_2.txt,,"1988582611084
",
/home/biorobotics/macc_decom_test_7x7/random_77_7.txt,,"64232635498047
",
/home/biorobotics/macc_decom_test_7x7/random_66_2.txt,,"5175247192383
",
/home/biorobotics/macc_decom_test_7x7/random_79_10.txt,,"79252433776855
",
/home/biorobotics/macc_decom_test_7x7/random_61_0.txt,,"4660587310791
",
/home/biorobotics/macc_decom_test_7x7/random_75_2.txt,,"09095764160156
",
/home/biorobotics/macc_decom_test_7x7/random_40_6.txt,,"43054580688477
",
/home/biorobotics/macc_decom_test_7x7/random_13_2.txt,,"73141288757324
",
/home/biorobotics/macc_decom_test_7x7/random_17_7.txt,,"96412467956543
",
/home/biorobotics/macc_decom_test_7x7/random_49_0.txt,,"78990745544434
",
/home/biorobotics/macc_decom_test_7x7/random_51_0.txt,,"58811378479004
",
/home/biorobotics/macc_decom_test_7x7/random_37_10.txt,,"6265983581543
",
/home/biorobotics/macc_decom_test_7x7/random_14_11.txt,,"98864936828613
",
/home/biorobotics/macc_decom_test_7x7/random_44_3.txt,,"06261444091797
",
/home/biorobotics/macc_decom_test_7x7/random_26_6.txt,,"0249843597412
",
/home/biorobotics/macc_decom_test_7x7/random_66_5.txt,,"21795463562012
",
/home/biorobotics/macc_decom_test_7x7/random_63_0.txt,,"9045352935791
",
/home/biorobotics/macc_decom_test_7x7/random_60_2.txt,,"45026588439941
",
/home/biorobotics/macc_decom_test_7x7/random_54_7.txt,,"61281394958496
",
/home/biorobotics/macc_decom_test_7x7/random_33_1.txt,,"70644187927246
",
/home/biorobotics/macc_decom_test_7x7/random_64_6.txt,,"17425918579102
",
/home/biorobotics/macc_decom_test_7x7/random_19_4.txt,,"73470878601074
",
/home/biorobotics/macc_decom_test_7x7/random_59_4.txt,,"30318069458008
",
/home/biorobotics/macc_decom_test_7x7/random_16_4.txt,,"76548194885254
",
/home/biorobotics/macc_decom_test_7x7/random_0_7.txt,,"919105529785156
",
/home/biorobotics/macc_decom_test_7x7/random_31_5.txt,,"29406356811523
",
/home/biorobotics/macc_decom_test_7x7/random_48_5.txt,,"40592575073242
",
/home/biorobotics/macc_decom_test_7x7/random_64_3.txt,,"28334617614746
",
/home/biorobotics/macc_decom_test_7x7/random_70_7.txt,,"70395088195801
",
/home/biorobotics/macc_decom_test_7x7/random_54_9.txt,,"02074432373047
",
/home/biorobotics/macc_decom_test_7x7/random_40_7.txt,,"88736534118652
",
/home/biorobotics/macc_decom_test_7x7/random_36_8.txt,,"29622459411621
",
/home/biorobotics/macc_decom_test_7x7/random_32_10.txt,,"09546279907227
",
/home/biorobotics/macc_decom_test_7x7/random_75_9.txt,,"5511531829834
",
/home/biorobotics/macc_decom_test_7x7/random_14_9.txt,,"546716690063477
",
/home/biorobotics/macc_decom_test_7x7/random_47_5.txt,,"00941467285156
",
/home/biorobotics/macc_decom_test_7x7/random_11_9.txt,,"11565589904785
",
/home/biorobotics/macc_decom_test_7x7/random_76_12.txt,,"684450149536133
",
/home/biorobotics/macc_decom_test_7x7/random_45_2.txt,,"035587310791
",
/home/biorobotics/macc_decom_test_7x7/random_6_0.txt,,"92921829223633
",
/home/biorobotics/macc_decom_test_7x7/random_84_5.txt,,"86870002746582
",
/home/biorobotics/macc_decom_test_7x7/random_48_0.txt,,"15869140625
",
/home/biorobotics/macc_decom_test_7x7/random_81_3.txt,,"91440391540527
",
/home/biorobotics/macc_decom_test_7x7/random_33_9.txt,,"95297431945801
",
/home/biorobotics/macc_decom_test_7x7/random_61_1.txt,,"6017246246338
",
/home/biorobotics/macc_decom_test_7x7/random_16_1.txt,,"79265594482422
",
/home/biorobotics/macc_decom_test_7x7/random_56_10.txt,,"2797145843506
",
/home/biorobotics/macc_decom_test_7x7/random_84_3.txt,,"63635444641113
",
/home/biorobotics/macc_decom_test_7x7/random_33_2.txt,,"06754875183105
",
/home/biorobotics/macc_decom_test_7x7/random_59_8.txt,,"70884132385254
",
/home/biorobotics/macc_decom_test_7x7/random_65_6.txt,,"93315696716309
",
/home/biorobotics/macc_decom_test_7x7/random_19_9.txt,,"38100624084473
",
/home/biorobotics/macc_decom_test_7x7/random_0_8.txt,,"16859817504883
",
/home/biorobotics/macc_decom_test_7x7/random_34_8.txt,,"593830108642578
",
/home/biorobotics/macc_decom_test_7x7/random_71_1.txt,,"96956253051758
",
/home/biorobotics/macc_decom_test_7x7/random_76_8.txt,,"17270278930664
",
/home/biorobotics/macc_decom_test_7x7/random_39_11.txt,,"28677368164062
",
/home/biorobotics/macc_decom_test_7x7/random_15_8.txt,,"153419494628906
",
/home/biorobotics/macc_decom_test_7x7/random_23_5.txt,,"62998008728027
",
/home/biorobotics/macc_decom_test_7x7/random_66_0.txt,,"03032875061035
",
/home/biorobotics/macc_decom_test_7x7/random_50_5.txt,,"9749641418457
",
/home/biorobotics/macc_decom_test_7x7/random_25_3.txt,,"7447509765625
",
/home/biorobotics/macc_decom_test_7x7/random_41_2.txt,,"06567573547363
",
/home/biorobotics/macc_decom_test_7x7/random_71_3.txt,,"37145805358887
",
/home/biorobotics/macc_decom_test_7x7/random_59_9.txt,,"476478576660156
",
/home/biorobotics/macc_decom_test_7x7/random_76_2.txt,,"74412155151367
",
/home/biorobotics/macc_decom_test_7x7/random_30_12.txt,,"085615158081055
",
/home/biorobotics/macc_decom_test_7x7/random_16_2.txt,,"95160484313965
",
/home/biorobotics/macc_decom_test_7x7/random_26_8.txt,,"02668190002441
",
/home/biorobotics/macc_decom_test_7x7/random_79_4.txt,,"22425270080566
",
/home/biorobotics/macc_decom_test_7x7/random_37_5.txt,,"19289016723633
",
/home/biorobotics/macc_decom_test_7x7/random_56_4.txt,,"78992462158203
",
/home/biorobotics/macc_decom_test_7x7/random_77_8.txt,,"09456443786621
",
/home/biorobotics/macc_decom_test_7x7/random_33_6.txt,,"38285446166992
",
/home/biorobotics/macc_decom_test_7x7/random_23_8.txt,,"03338623046875
",
/home/biorobotics/macc_decom_test_7x7/random_30_0.txt,,"868631362915
",
/home/biorobotics/macc_decom_test_7x7/random_70_6.txt,,"80507278442383
",
/home/biorobotics/macc_decom_test_7x7/random_80_7.txt,,"67387008666992
",
/home/biorobotics/macc_decom_test_7x7/random_17_8.txt,,"9286880493164
",
/home/biorobotics/macc_decom_test_7x7/random_51_4.txt,,"5580177307129
",
/home/biorobotics/macc_decom_test_7x7/random_54_8.txt,,"791645050048828
",
/home/biorobotics/macc_decom_test_7x7/random_37_4.txt,,"0163288116455
",
/home/biorobotics/macc_decom_test_7x7/random_43_8.txt,,"67067527770996
",
/home/biorobotics/macc_decom_test_7x7/random_10_11.txt,,"28064155578613
",
/home/biorobotics/macc_decom_test_7x7/random_58_3.txt,,"0631332397461
",
/home/biorobotics/macc_decom_test_7x7/random_40_4.txt,,"72874641418457
",
/home/biorobotics/macc_decom_test_7x7/random_4_8.txt,,"4013557434082
",
/home/biorobotics/macc_decom_test_7x7/random_23_0.txt,,"89861488342285
",
/home/biorobotics/macc_decom_test_7x7/random_53_8.txt,,"59236145019531
",
/home/biorobotics/macc_decom_test_7x7/random_41_7.txt,,"97993659973145
",
/home/biorobotics/macc_decom_test_7x7/random_51_7.txt,,"16492462158203
",
/home/biorobotics/macc_decom_test_7x7/random_67_6.txt,,"94662857055664
",
/home/biorobotics/macc_decom_test_7x7/random_71_4.txt,,"25730514526367
",
/home/biorobotics/macc_decom_test_7x7/random_11_7.txt,,"03912925720215
",
/home/biorobotics/macc_decom_test_7x7/random_11_6.txt,,"49499320983887
",
/home/biorobotics/macc_decom_test_7x7/random_73_7.txt,,"36020278930664
",
/home/biorobotics/macc_decom_test_7x7/random_31_8.txt,,"05464553833008
",
/home/biorobotics/macc_decom_test_7x7/random_35_5.txt,,"41584587097168
",
/home/biorobotics/macc_decom_test_7x7/random_77_13.txt,,"77294731140137
",
/home/biorobotics/macc_decom_test_7x7/random_64_0.txt,,"40265655517578
",
/home/biorobotics/macc_decom_test_7x7/random_73_6.txt,,"72210693359375
",
/home/biorobotics/macc_decom_test_7x7/random_31_0.txt,,"14077758789062
",
/home/biorobotics/macc_decom_test_7x7/random_42_9.txt,,"8497772216797
",
/home/biorobotics/macc_decom_test_7x7/random_18_4.txt,,"11904907226562
",
/home/biorobotics/macc_decom_test_7x7/random_82_1.txt,,"3884220123291
",
/home/biorobotics/macc_decom_test_7x7/random_0_3.txt,,"2440795898438
",
/home/biorobotics/macc_decom_test_7x7/random_57_1.txt,,"8969192504883
",
/home/biorobotics/macc_decom_test_7x7/random_18_2.txt,,"7087860107422
",
/home/biorobotics/macc_decom_test_7x7/random_43_2.txt,,"79589653015137
",
/home/biorobotics/macc_decom_test_7x7/random_83_3.txt,,"45395278930664
",
/home/biorobotics/macc_decom_test_7x7/random_72_6.txt,,"00002098083496
",
/home/biorobotics/macc_decom_test_7x7/random_12_3.txt,,"12183380126953
",
/home/biorobotics/macc_decom_test_7x7/random_32_3.txt,,"50538063049316
",
/home/biorobotics/macc_decom_test_7x7/random_8_0.txt,,"3869171142578
",
/home/biorobotics/macc_decom_test_7x7/random_66_1.txt,,"95195007324219
",
/home/biorobotics/macc_decom_test_7x7/random_8_3.txt,,"4183750152588
",
/home/biorobotics/macc_decom_test_7x7/random_63_1.txt,,"815336227417
",
/home/biorobotics/macc_decom_test_7x7/random_71_0.txt,,"8005847930908
",
/home/biorobotics/macc_decom_test_7x7/random_42_1.txt,,"49281311035156
",
/home/biorobotics/macc_decom_test_7x7/random_26_5.txt,,"32931900024414
",
/home/biorobotics/macc_decom_test_7x7/random_32_9.txt,,"74658393859863
",
/home/biorobotics/macc_decom_test_7x7/random_44_4.txt,,"57789993286133
",
/home/biorobotics/macc_decom_test_7x7/random_6_6.txt,,"61733436584473
",
/home/biorobotics/macc_decom_test_7x7/random_21_2.txt,,"17001724243164
",
/home/biorobotics/macc_decom_test_7x7/random_59_1.txt,,"54625511169434
",
/home/biorobotics/macc_decom_test_7x7/random_48_3.txt,,"11263465881348
",
/home/biorobotics/macc_decom_test_7x7/random_0_2.txt,,"4213924407959
",
/home/biorobotics/macc_decom_test_7x7/random_83_4.txt,,"8494873046875
",
/home/biorobotics/macc_decom_test_7x7/random_56_8.txt,,"2175979614258
",
/home/biorobotics/macc_decom_test_7x7/random_7_9.txt,,"47557258605957
",
/home/biorobotics/macc_decom_test_7x7/random_76_11.txt,,"427963256835938
",
/home/biorobotics/macc_decom_test_7x7/random_45_1.txt,,"06072616577148
",
/home/biorobotics/macc_decom_test_7x7/random_32_4.txt,,"9526405334473
",
/home/biorobotics/macc_decom_test_7x7/random_9_6.txt,,"0589141845703
",
/home/biorobotics/macc_decom_test_7x7/random_38_1.txt,,"77630996704102
",
/home/biorobotics/macc_decom_test_7x7/random_6_3.txt,,"30205726623535
",
/home/biorobotics/macc_decom_test_7x7/random_77_14.txt,,"477909088134766
",
/home/biorobotics/macc_decom_test_7x7/random_43_9.txt,,"53242492675781
",
/home/biorobotics/macc_decom_test_7x7/random_10_5.txt,,"58537101745605
",
/home/biorobotics/macc_decom_test_7x7/random_82_9.txt,,"28967094421387
",
/home/biorobotics/macc_decom_test_7x7/random_33_7.txt,,"7986717224121
",
/home/biorobotics/macc_decom_test_7x7/random_8_7.txt,,"778127670288086
",
/home/biorobotics/macc_decom_test_7x7/random_62_0.txt,,"8203353881836
",
/home/biorobotics/macc_decom_test_7x7/random_32_12.txt,,"72157859802246
",
/home/biorobotics/macc_decom_test_7x7/random_26_3.txt,,"99244499206543
",
/home/biorobotics/macc_decom_test_7x7/random_13_5.txt,,"2925434112549
",
/home/biorobotics/macc_decom_test_7x7/random_4_2.txt,,"05800247192383
",
/home/biorobotics/macc_decom_test_7x7/random_14_0.txt,,"82030487060547
",
/home/biorobotics/macc_decom_test_7x7/random_12_2.txt,,"60435485839844
",
/home/biorobotics/macc_decom_test_7x7/random_17_0.txt,,"13965797424316
",
/home/biorobotics/macc_decom_test_7x7/random_30_13.txt,,"41375160217285
",
/home/biorobotics/macc_decom_test_7x7/random_46_3.txt,,"36694145202637
",
/home/biorobotics/macc_decom_test_7x7/random_65_0.txt,,"53750038146973
",
/home/biorobotics/macc_decom_test_7x7/random_27_0.txt,,"25237846374512
",
/home/biorobotics/macc_decom_test_7x7/random_76_7.txt,,"36998558044434
",
/home/biorobotics/macc_decom_test_7x7/random_38_6.txt,,"60171699523926
",
/home/biorobotics/macc_decom_test_7x7/random_26_10.txt,,"0374927520752
",
/home/biorobotics/macc_decom_test_7x7/random_52_7.txt,,"492422103881836
",
/home/biorobotics/macc_decom_test_7x7/random_73_4.txt,,"2469329833984
",
/home/biorobotics/macc_decom_test_7x7/random_9_5.txt,,"19089317321777
",
/home/biorobotics/macc_decom_test_7x7/random_44_8.txt,,"011314392089844
",
/home/biorobotics/macc_decom_test_7x7/random_82_10.txt,,"6093521118164
",
/home/biorobotics/macc_decom_test_7x7/random_64_5.txt,,"7991523742676
",
/home/biorobotics/macc_decom_test_7x7/random_78_9.txt,,"5857753753662
",
/home/biorobotics/macc_decom_test_7x7/random_84_9.txt,,"440765380859375
",
/home/biorobotics/macc_decom_test_7x7/random_72_3.txt,,"8765449523926
",
/home/biorobotics/macc_decom_test_7x7/random_58_0.txt,,"0876636505127
",
/home/biorobotics/macc_decom_test_7x7/random_59_5.txt,,"13639640808105
",
/home/biorobotics/macc_decom_test_7x7/random_71_5.txt,,"5506706237793
",
/home/biorobotics/macc_decom_test_7x7/random_80_2.txt,,"81686973571777
",
/home/biorobotics/macc_decom_test_7x7/random_42_2.txt,,"36823463439941
",
/home/biorobotics/macc_decom_test_7x7/random_12_6.txt,,"2818374633789
",
/home/biorobotics/macc_decom_test_7x7/random_56_5.txt,,"66158866882324
",
/home/biorobotics/macc_decom_test_7x7/random_71_2.txt,,"5171661376953
",
/home/biorobotics/macc_decom_test_7x7/random_41_3.txt,,"78411293029785
",
/home/biorobotics/macc_decom_test_7x7/random_56_0.txt,,"59216117858887
",
/home/biorobotics/macc_decom_test_7x7/random_31_9.txt,,"565168380737305
",
/home/biorobotics/macc_decom_test_7x7/random_37_9.txt,,"62529373168945
",
/home/biorobotics/macc_decom_test_7x7/random_20_0.txt,,"10214424133301
",
/home/biorobotics/macc_decom_test_7x7/random_12_1.txt,,"34414863586426
",
/home/biorobotics/macc_decom_test_7x7/random_33_8.txt,,"03812026977539
",
/home/biorobotics/macc_decom_test_7x7/random_18_10.txt,,"08909797668457
",
/home/biorobotics/macc_decom_test_7x7/random_26_4.txt,,"8407459259033
",
/home/biorobotics/macc_decom_test_7x7/random_37_11.txt,,"80039405822754
",
/home/biorobotics/macc_decom_test_7x7/random_73_0.txt,,"49036979675293
",
/home/biorobotics/macc_decom_test_7x7/random_13_7.txt,,"3415355682373
",
/home/biorobotics/macc_decom_test_7x7/random_84_1.txt,,"31318283081055
",
/home/biorobotics/macc_decom_test_7x7/random_19_0.txt,,"39201545715332
",
/home/biorobotics/macc_decom_test_7x7/random_10_9.txt,,"143768310546875
",
/home/biorobotics/macc_decom_test_7x7/random_25_5.txt,,"54090118408203
",
/home/biorobotics/macc_decom_test_7x7/random_17_3.txt,,"29085159301758
",
/home/biorobotics/macc_decom_test_7x7/random_81_4.txt,,"6149559020996
",
/home/biorobotics/macc_decom_test_7x7/random_82_7.txt,,"79517364501953
",
/home/biorobotics/macc_decom_test_7x7/random_61_4.txt,,"69227027893066
",
/home/biorobotics/macc_decom_test_7x7/random_24_7.txt,,"20352745056152
",
/home/biorobotics/macc_decom_test_7x7/random_50_8.txt,,"41312217712402
",
/home/biorobotics/macc_decom_test_7x7/random_10_2.txt,,"63877868652344
",
/home/biorobotics/macc_decom_test_7x7/random_18_9.txt,,"35984992980957
",
/home/biorobotics/macc_decom_test_7x7/random_79_0.txt,,"23836135864258
",
/home/biorobotics/macc_decom_test_7x7/random_54_4.txt,,"66358947753906
",
/home/biorobotics/macc_decom_test_7x7/random_83_1.txt,,"5137882232666
",
/home/biorobotics/macc_decom_test_7x7/random_63_8.txt,,"22172164916992
",
/home/biorobotics/macc_decom_test_7x7/random_82_11.txt,,"75197792053223
",
/home/biorobotics/macc_decom_test_7x7/random_9_10.txt,,"44536781311035
",
/home/biorobotics/macc_decom_test_7x7/random_2_5.txt,,"453205108642578
",
/home/biorobotics/macc_decom_test_7x7/random_83_7.txt,,"13678550720215
",
/home/biorobotics/macc_decom_test_7x7/random_48_1.txt,,"56150245666504
",
/home/biorobotics/macc_decom_test_7x7/random_72_7.txt,,"84699630737305
",
/home/biorobotics/macc_decom_test_7x7/random_2_2.txt,,"6299686431885
",
/home/biorobotics/macc_decom_test_7x7/random_10_7.txt,,"35919570922852
",
/home/biorobotics/macc_decom_test_7x7/random_23_9.txt,,"8243637084961
",
/home/biorobotics/macc_decom_test_7x7/random_58_6.txt,,"92306709289551
",
/home/biorobotics/macc_decom_test_7x7/random_1_5.txt,,"723312377929688
",
/home/biorobotics/macc_decom_test_7x7/random_46_1.txt,,"2486038208008
",
/home/biorobotics/macc_decom_test_7x7/random_6_5.txt,,"63326835632324
",
/home/biorobotics/macc_decom_test_7x7/random_20_3.txt,,"68852424621582
",
/home/biorobotics/macc_decom_test_7x7/random_0_4.txt,,"46487617492676
",
/home/biorobotics/macc_decom_test_7x7/random_62_3.txt,,"99148178100586
",
/home/biorobotics/macc_decom_test_7x7/random_47_3.txt,,"1898593902588
",
/home/biorobotics/macc_decom_test_7x7/random_64_7.txt,,"7699317932129
",
/home/biorobotics/macc_decom_test_7x7/random_20_7.txt,,"97829818725586
",
/home/biorobotics/macc_decom_test_7x7/random_68_0.txt,,"2765007019043
",
/home/biorobotics/macc_decom_test_7x7/random_54_1.txt,,"76222038269043
",
/home/biorobotics/macc_decom_test_7x7/random_56_2.txt,,"66101264953613
",
/home/biorobotics/macc_decom_test_7x7/random_34_5.txt,,"14403343200684
",
/home/biorobotics/macc_decom_test_7x7/random_47_8.txt,,"33263206481934
",
/home/biorobotics/macc_decom_test_7x7/random_13_1.txt,,"86524963378906
",
/home/biorobotics/macc_decom_test_7x7/random_18_5.txt,,"98816871643066
",
/home/biorobotics/macc_decom_test_7x7/random_53_2.txt,,"2590808868408
",
/home/biorobotics/macc_decom_test_7x7/random_80_5.txt,,"52437019348145
",
/home/biorobotics/macc_decom_test_7x7/random_14_1.txt,,"60157775878906
",
/home/biorobotics/macc_decom_test_7x7/random_57_5.txt,,"171987533569336
",
/home/biorobotics/macc_decom_test_7x7/random_78_1.txt,,"98356246948242
",
/home/biorobotics/macc_decom_test_7x7/random_34_6.txt,,"97394561767578
",
/home/biorobotics/macc_decom_test_7x7/random_11_8.txt,,"0265064239502
",
/home/biorobotics/macc_decom_test_7x7/random_44_7.txt,,"95575332641602
",
/home/biorobotics/macc_decom_test_7x7/random_24_5.txt,,"627477645874
",
/home/biorobotics/macc_decom_test_7x7/random_42_10.txt,,"19225120544434
",
/home/biorobotics/macc_decom_test_7x7/random_39_1.txt,,"0918369293213
",
/home/biorobotics/macc_decom_test_7x7/random_27_7.txt,,"139114379882812
",
/home/biorobotics/macc_decom_test_7x7/random_83_10.txt,,"93020629882812
",
/home/biorobotics/macc_decom_test_7x7/random_8_6.txt,,"3650074005127
",
/home/biorobotics/macc_decom_test_7x7/random_3_2.txt,,"63638305664062
",
/home/biorobotics/macc_decom_test_7x7/random_37_12.txt,,"95575332641602
",
/home/biorobotics/macc_decom_test_7x7/random_75_3.txt,,"7496585845947
",
/home/biorobotics/macc_decom_test_7x7/random_47_2.txt,,"2011604309082
",
/home/biorobotics/macc_decom_test_7x7/random_26_7.txt,,"00420379638672
",
/home/biorobotics/macc_decom_test_7x7/random_49_1.txt,,"29007720947266
",
/home/biorobotics/macc_decom_test_7x7/random_18_11.txt,,"023221969604492
",
/home/biorobotics/macc_decom_test_7x7/random_34_2.txt,,"98730850219727
",
/home/biorobotics/macc_decom_test_7x7/random_30_2.txt,,"4117946624756
",
/home/biorobotics/macc_decom_test_7x7/random_18_3.txt,,"5132141113281
",
/home/biorobotics/macc_decom_test_7x7/random_44_1.txt,,"9700107574463
",
/home/biorobotics/macc_decom_test_7x7/random_82_12.txt,,"345138549804688
",
/home/biorobotics/macc_decom_test_7x7/random_20_1.txt,,"12212944030762
",
/home/biorobotics/macc_decom_test_7x7/random_20_6.txt,,"49283981323242
",
/home/biorobotics/macc_decom_test_7x7/random_24_0.txt,,"67237281799316
",
/home/biorobotics/macc_decom_test_7x7/random_73_3.txt,,"00435256958008
",
/home/biorobotics/macc_decom_test_7x7/random_72_5.txt,,"9614028930664
",
/home/biorobotics/macc_decom_test_7x7/random_27_2.txt,,"12789726257324
",
/home/biorobotics/macc_decom_test_7x7/random_13_4.txt,,"25328636169434
",
/home/biorobotics/macc_decom_test_7x7/random_37_8.txt,,"43508720397949
",
/home/biorobotics/macc_decom_test_7x7/random_4_1.txt,,"92084884643555
",
/home/biorobotics/macc_decom_test_7x7/random_62_6.txt,,"959802627563477
",
/home/biorobotics/macc_decom_test_7x7/random_45_0.txt,,"99598121643066
",
/home/biorobotics/macc_decom_test_7x7/random_14_5.txt,,"47929000854492
",
/home/biorobotics/macc_decom_test_7x7/random_47_4.txt,,"44263458251953
",
/home/biorobotics/macc_decom_test_7x7/random_79_6.txt,,"42551040649414
",
/home/biorobotics/macc_decom_test_7x7/random_0_0.txt,,"5562152862549
",
/home/biorobotics/macc_decom_test_7x7/random_48_6.txt,,"273820877075195
",
/home/biorobotics/macc_decom_test_7x7/random_52_3.txt,,"87552642822266
",
/home/biorobotics/macc_decom_test_7x7/random_23_10.txt,,"66020393371582
",
/home/biorobotics/macc_decom_test_7x7/random_6_8.txt,,"75828742980957
",
/home/biorobotics/macc_decom_test_7x7/random_10_8.txt,,"38652801513672
",
/home/biorobotics/macc_decom_test_7x7/random_23_4.txt,,"44842529296875
",
/home/biorobotics/macc_decom_test_7x7/random_21_7.txt,,"02663230895996
",
/home/biorobotics/macc_decom_test_7x7/random_18_0.txt,,"8967056274414
",
/home/biorobotics/macc_decom_test_7x7/random_30_1.txt,,"0664482116699
",
/home/biorobotics/macc_decom_test_7x7/random_81_2.txt,,"35901260375977
",
/home/biorobotics/macc_decom_test_7x7/random_84_2.txt,,"03052520751953
",
/home/biorobotics/macc_decom_test_7x7/random_26_0.txt,,"1556282043457
",
/home/biorobotics/macc_decom_test_7x7/random_20_5.txt,,"84436798095703
",
/home/biorobotics/macc_decom_test_7x7/random_20_8.txt,,"82876777648926
",
/home/biorobotics/macc_decom_test_7x7/random_23_3.txt,,"041353225708
",
/home/biorobotics/macc_decom_test_7x7/random_68_2.txt,,"54707145690918
",
/home/biorobotics/macc_decom_test_7x7/random_43_12.txt,,"03275108337402
",
/home/biorobotics/macc_decom_test_7x7/random_49_9.txt,,"667097091674805
",
/home/biorobotics/macc_decom_test_7x7/random_31_1.txt,,"70888900756836
",
/home/biorobotics/macc_decom_test_7x7/random_79_11.txt,,"05865669250488
",
/home/biorobotics/macc_decom_test_7x7/random_40_8.txt,,"37275886535645
",
/home/biorobotics/macc_decom_test_7x7/random_18_6.txt,,"72241592407227
",
/home/biorobotics/macc_decom_test_7x7/random_81_9.txt,,"60555458068848
",
/home/biorobotics/macc_decom_test_7x7/random_43_6.txt,,"58003807067871
",
/home/biorobotics/macc_decom_test_7x7/random_18_7.txt,,"46364784240723
",
/home/biorobotics/macc_decom_test_7x7/random_81_6.txt,,"78666496276855
",
/home/biorobotics/macc_decom_test_7x7/random_7_3.txt,,"2719039916992
",
/home/biorobotics/macc_decom_test_7x7/random_25_0.txt,,"82175254821777
",
/home/biorobotics/macc_decom_test_7x7/random_17_9.txt,,"25617790222168
",
/home/biorobotics/macc_decom_test_7x7/random_4_6.txt,,"98759841918945
",
/home/biorobotics/macc_decom_test_7x7/random_77_6.txt,,"63929748535156
",
/home/biorobotics/macc_decom_test_7x7/random_62_4.txt,,"959388732910156
",
/home/biorobotics/macc_decom_test_7x7/random_39_5.txt,,"88549995422363
",
/home/biorobotics/macc_decom_test_7x7/random_15_6.txt,,"62515640258789
",
/home/biorobotics/macc_decom_test_7x7/random_39_0.txt,,"9862060546875
",
/home/biorobotics/macc_decom_test_7x7/random_67_4.txt,,"8041095733643
",
/home/biorobotics/macc_decom_test_7x7/random_12_7.txt,,"83395767211914
",
/home/biorobotics/macc_decom_test_7x7/random_74_5.txt,,"19265556335449
",
/home/biorobotics/macc_decom_test_7x7/random_72_8.txt,,"795242309570312
",
/home/biorobotics/macc_decom_test_7x7/random_7_1.txt,,"61314964294434
",
/home/biorobotics/macc_decom_test_7x7/random_24_8.txt,,"55224418640137
",
/home/biorobotics/macc_decom_test_7x7/random_59_2.txt,,"1909351348877
",
/home/biorobotics/macc_decom_test_7x7/random_84_11.txt,,"55044937133789
",
/home/biorobotics/macc_decom_test_7x7/random_60_0.txt,,"73563766479492
",
/home/biorobotics/macc_decom_test_7x7/random_64_1.txt,,"8368148803711
",
/home/biorobotics/macc_decom_test_7x7/random_19_10.txt,,"82143211364746
",
/home/biorobotics/macc_decom_test_7x7/random_84_4.txt,,"90463638305664
",
/home/biorobotics/macc_decom_test_7x7/random_39_3.txt,,"25105667114258
",
/home/biorobotics/macc_decom_test_7x7/random_75_11.txt,,"7611083984375
",
/home/biorobotics/macc_decom_test_7x7/random_57_2.txt,,"50363731384277
",
/home/biorobotics/macc_decom_test_7x7/random_66_4.txt,,"39640617370605
",
/home/biorobotics/macc_decom_test_7x7/random_80_12.txt,,"67048454284668
",
/home/biorobotics/macc_decom_test_7x7/random_25_6.txt,,"84729194641113
",
/home/biorobotics/macc_decom_test_7x7/random_51_2.txt,,"51091384887695
",
/home/biorobotics/macc_decom_test_7x7/random_54_3.txt,,"4079418182373
",
/home/biorobotics/macc_decom_test_7x7/random_31_7.txt,,"029390335083
",
/home/biorobotics/macc_decom_test_7x7/random_35_1.txt,,"03706550598145
",
/home/biorobotics/macc_decom_test_7x7/random_37_0.txt,,"7726097106934
",
/home/biorobotics/macc_decom_test_7x7/random_39_10.txt,,"5505313873291
",
/home/biorobotics/macc_decom_test_7x7/random_65_9.txt,,"9649486541748
",
/home/biorobotics/macc_decom_test_7x7/random_1_1.txt,,"7165584564209
",
/home/biorobotics/macc_decom_test_7x7/random_2_1.txt,,"3550624847412
",
/home/biorobotics/macc_decom_test_7x7/random_67_1.txt,,"97348022460938
",
/home/biorobotics/macc_decom_test_7x7/random_65_8.txt,,"323808670043945
",
/home/biorobotics/macc_decom_test_7x7/random_35_8.txt,,"3769073486328
",
/home/biorobotics/macc_decom_test_7x7/random_6_10.txt,,"57032012939453
",
/home/biorobotics/macc_decom_test_7x7/random_65_1.txt,,"40235137939453
",
/home/biorobotics/macc_decom_test_7x7/random_76_5.txt,,"63350486755371
",
/home/biorobotics/macc_decom_test_7x7/random_3_8.txt,,"74356842041016
",
/home/biorobotics/macc_decom_test_7x7/random_45_5.txt,,"1525592803955
",
/home/biorobotics/macc_decom_test_7x7/random_80_1.txt,,"516149520874
",
/home/biorobotics/macc_decom_test_7x7/random_30_4.txt,,"88427543640137
",
/home/biorobotics/macc_decom_test_7x7/random_14_4.txt,,"75616264343262
",
/home/biorobotics/macc_decom_test_7x7/random_31_6.txt,,"07629585266113
",
/home/biorobotics/macc_decom_test_7x7/random_19_3.txt,,"09581756591797
",
/home/biorobotics/macc_decom_test_7x7/random_41_5.txt,,"7918872833252
",
/home/biorobotics/macc_decom_test_7x7/random_64_4.txt,,"11484146118164
",
/home/biorobotics/macc_decom_test_7x7/random_56_6.txt,,"20285224914551
",
/home/biorobotics/macc_decom_test_7x7/random_4_10.txt,,"790048599243164
",
/home/biorobotics/macc_decom_test_7x7/random_52_5.txt,,"6040916442871
",
/home/biorobotics/macc_decom_test_7x7/random_85_0.txt,,"3971996307373
",
/home/biorobotics/macc_decom_test_7x7/random_37_7.txt,,"5373477935791
",
/home/biorobotics/macc_decom_test_7x7/random_7_8.txt,,"21940231323242
",
/home/biorobotics/macc_decom_test_7x7/random_41_10.txt,,"19557189941406
",
/home/biorobotics/macc_decom_test_7x7/random_35_7.txt,,"822776794433594
",
/home/biorobotics/macc_decom_test_7x7/random_71_6.txt,,"54062461853027
",
/home/biorobotics/macc_decom_test_7x7/random_8_5.txt,,"3967628479004
",
/home/biorobotics/macc_decom_test_7x7/random_74_3.txt,,"29222297668457
",
/home/biorobotics/macc_decom_test_7x7/random_42_0.txt,,"1555595397949
",
/home/biorobotics/macc_decom_test_7x7/random_75_0.txt,,"8291645050049
",
/home/biorobotics/macc_decom_test_7x7/random_35_10.txt,,"30234909057617
",
/home/biorobotics/macc_decom_test_7x7/random_49_10.txt,,"18341827392578
",
/home/biorobotics/macc_decom_test_7x7/random_54_5.txt,,"1041831970215
",
/home/biorobotics/macc_decom_test_7x7/random_80_6.txt,,"3276195526123
",
/home/biorobotics/macc_decom_test_7x7/random_77_0.txt,,"6247329711914
",
/home/biorobotics/macc_decom_test_7x7/random_74_1.txt,,"701847076416
",
/home/biorobotics/macc_decom_test_7x7/random_75_6.txt,,"51374244689941
",
/home/biorobotics/macc_decom_test_7x7/random_76_13.txt,,"925065994262695
",
/home/biorobotics/macc_decom_test_7x7/random_79_9.txt,,"92043113708496
",
/home/biorobotics/macc_decom_test_7x7/random_5_3.txt,,"24383735656738
",
/home/biorobotics/macc_decom_test_7x7/random_9_3.txt,,"33019256591797
",
/home/biorobotics/macc_decom_test_7x7/random_79_5.txt,,"35443687438965
",
/home/biorobotics/macc_decom_test_7x7/random_36_0.txt,,"8254642486572
",
/home/biorobotics/macc_decom_test_7x7/random_69_3.txt,,"3531608581543
",
/home/biorobotics/macc_decom_test_7x7/random_17_5.txt,,"3812999725342
",
/home/biorobotics/macc_decom_test_7x7/random_76_4.txt,,"72697830200195
",
/home/biorobotics/macc_decom_test_7x7/random_83_2.txt,,"4520664215088
",
/home/biorobotics/macc_decom_test_7x7/random_73_5.txt,,"35018348693848
",
/home/biorobotics/macc_decom_test_7x7/random_37_13.txt,,"564172744750977
",
/home/biorobotics/macc_decom_test_7x7/random_56_7.txt,,"22478485107422
",
/home/biorobotics/macc_decom_test_7x7/random_83_5.txt,,"01687812805176
",
/home/biorobotics/macc_decom_test_7x7/random_6_2.txt,,"69281578063965
",
/home/biorobotics/macc_decom_test_7x7/random_77_2.txt,,"69970512390137
",
/home/biorobotics/macc_decom_test_7x7/random_9_1.txt,,"488468170166
",
/home/biorobotics/macc_decom_test_7x7/random_5_2.txt,,"7879467010498
",
/home/biorobotics/macc_decom_test_7x7/random_83_8.txt,,"03854179382324
",
/home/biorobotics/macc_decom_test_7x7/random_15_4.txt,,"513214111328125
",
/home/biorobotics/macc_decom_test_7x7/random_38_8.txt,,"33085823059082
",
/home/biorobotics/macc_decom_test_7x7/random_15_5.txt,,"1811103820801
",
/home/biorobotics/macc_decom_test_7x7/random_18_8.txt,,"3421516418457
",
/home/biorobotics/macc_decom_test_7x7/random_54_2.txt,,"3332633972168
",
/home/biorobotics/macc_decom_test_7x7/random_63_6.txt,,"39244270324707
",
/home/biorobotics/macc_decom_test_7x7/random_32_7.txt,,"83209800720215
",
/home/biorobotics/macc_decom_test_7x7/random_39_4.txt,,"4953498840332
",
/home/biorobotics/macc_decom_test_7x7/random_46_2.txt,,"83420181274414
",
/home/biorobotics/macc_decom_test_7x7/random_79_12.txt,,"06497955322266
",
