/home/biorobotics/macc_decom_test_7x7/random_11_10.txt,,"3292198181152
"," Time: 0.06796050071716309
"
/home/biorobotics/macc_decom_test_7x7/random_58_1.txt,,"0066871643066
"," Time: 0.0870356559753418
"
/home/biorobotics/macc_decom_test_7x7/random_20_2.txt,,"56575012207
"," Time: 0.3180825710296631
"
/home/biorobotics/macc_decom_test_7x7/random_11_5.txt,,"3915090560913
"," Time: 0.9586677551269531
"
/home/biorobotics/macc_decom_test_7x7/random_1_4.txt,,"8455448150635
"," Time: 0.19554924964904785
"
/home/biorobotics/macc_decom_test_7x7/random_7_7.txt,,"3929233551025
"," Time: 0.05898118019104004
"
/home/biorobotics/macc_decom_test_7x7/random_66_7.txt,,"573648452759
"," Time: 0.14856719970703125
"
/home/biorobotics/macc_decom_test_7x7/random_79_7.txt,,"49736213684
"," Time: 0.28281593322753906
"
/home/biorobotics/macc_decom_test_7x7/random_31_10.txt,,"3043632507324
"," Time: 0.02551579475402832
"
/home/biorobotics/macc_decom_test_7x7/random_3_4.txt,,"5835199356079
"," Time: 0.5062379837036133
"
/home/biorobotics/macc_decom_test_7x7/random_10_6.txt,,"3415489196777
"," Time: 0.13599824905395508
"
/home/biorobotics/macc_decom_test_7x7/random_10_10.txt,,"4450359344482
"," Time: 0.024336576461791992
"
/home/biorobotics/macc_decom_test_7x7/random_3_1.txt,,"276275634766
"," Time: 0.2978322505950928
"
/home/biorobotics/macc_decom_test_7x7/random_78_7.txt,,"958818435669
"," Time: 0.14439940452575684
"
/home/biorobotics/macc_decom_test_7x7/random_68_3.txt,,"7421417236328
"," Time: 0.025539875030517578
"
/home/biorobotics/macc_decom_test_7x7/random_2_7.txt,,"1888561248779
"," Time: 0.027349233627319336
"
/home/biorobotics/macc_decom_test_7x7/random_16_5.txt,,"719520568848
"," Time: 0.3068232536315918
"
/home/biorobotics/macc_decom_test_7x7/random_22_4.txt,,"133094787598
"," Time: 0.13398528099060059
"
/home/biorobotics/macc_decom_test_7x7/random_49_2.txt,,"8108978271484
"," Time: 0.08612823486328125
"
/home/biorobotics/macc_decom_test_7x7/random_67_7.txt,,"8181324005127
"," Time: 0.08706116676330566
"
/home/biorobotics/macc_decom_test_7x7/random_54_6.txt,,"6064987182617
"," Time: 0.17018699645996094
"
/home/biorobotics/macc_decom_test_7x7/random_7_2.txt,,"3401947021484
"," Time: 0.15424895286560059
"
/home/biorobotics/macc_decom_test_7x7/random_30_6.txt,,"24129486084
"," Time: 0.1236727237701416
"
/home/biorobotics/macc_decom_test_7x7/random_79_2.txt,,"634195327759
"," Time: 0.07731461524963379
"
/home/biorobotics/macc_decom_test_7x7/random_68_6.txt,,"9899311065674
"," Time: 0.055829763412475586
"
/home/biorobotics/macc_decom_test_7x7/random_43_1.txt,,"261996269226
"," Time: 0.2995641231536865
"
/home/biorobotics/macc_decom_test_7x7/random_14_2.txt,,"1488542556763
"," Time: 0.17019176483154297
"
/home/biorobotics/macc_decom_test_7x7/random_54_0.txt,,"791946411133
"," Time: 0.1460874080657959
"
/home/biorobotics/macc_decom_test_7x7/random_47_7.txt,,"990261077881
"," Time: 0.07958245277404785
"
/home/biorobotics/macc_decom_test_7x7/random_19_6.txt,,"5669231414795
"," Time: 0.09192466735839844
"
/home/biorobotics/macc_decom_test_7x7/random_1_0.txt,,"7945499420166
"," Time: 0.1795940399169922
"
/home/biorobotics/macc_decom_test_7x7/random_45_3.txt,,"5213623046875
"," Time: 0.2940688133239746
"
/home/biorobotics/macc_decom_test_7x7/random_42_8.txt,,"572717666626
"," Time: 0.16370534896850586
"
/home/biorobotics/macc_decom_test_7x7/random_76_3.txt,,"4125843048096
"," Time: 0.07534456253051758
"
/home/biorobotics/macc_decom_test_7x7/random_4_5.txt,,"181800842285
"," Time: 0.15659594535827637
"
/home/biorobotics/macc_decom_test_7x7/random_30_7.txt,,"143703460693
"," Time: 0.1401510238647461
"
/home/biorobotics/macc_decom_test_7x7/random_17_6.txt,,"1990146636963
"," Time: 0.06993508338928223
"
/home/biorobotics/macc_decom_test_7x7/random_30_5.txt,,"1193046569824
"," Time: 0.263763427734375
"
/home/biorobotics/macc_decom_test_7x7/random_3_6.txt,,"754560470581
"," Time: 0.2931838035583496
"
/home/biorobotics/macc_decom_test_7x7/random_37_2.txt,,"4070892333984
"," Time: 0.08791708946228027
"
/home/biorobotics/macc_decom_test_7x7/random_19_8.txt,,"6726312637329
"," Time: 0.16910696029663086
"
/home/biorobotics/macc_decom_test_7x7/random_41_4.txt,,"658470153809
"," Time: 0.27586936950683594
"
/home/biorobotics/macc_decom_test_7x7/random_64_2.txt,,"025876045227
"," Time: 0.5797419548034668
"
/home/biorobotics/macc_decom_test_7x7/random_81_12.txt,,"071496963501
"," Time: 0.023448467254638672
"
/home/biorobotics/macc_decom_test_7x7/random_24_3.txt,,"837619781494
"," Time: 0.1603541374206543
"
/home/biorobotics/macc_decom_test_7x7/random_16_10.txt,,"9434967041016
"," Time: 0.022583723068237305
"
/home/biorobotics/macc_decom_test_7x7/random_76_9.txt,,"01330947876
"," Time: 0.1287076473236084
"
/home/biorobotics/macc_decom_test_7x7/random_11_12.txt,,"314175605774
"," Time: 0.3532416820526123
"
/home/biorobotics/macc_decom_test_7x7/random_60_4.txt,,"9285926818848
"," Time: 0.0362856388092041
"
/home/biorobotics/macc_decom_test_7x7/random_30_9.txt,,"951145172119
"," Time: 0.09116625785827637
"
/home/biorobotics/macc_decom_test_7x7/random_41_1.txt,,"401620864868
"," Time: 0.36718297004699707
"
/home/biorobotics/macc_decom_test_7x7/random_51_1.txt,,"760948181152
"," Time: 0.32848501205444336
"
/home/biorobotics/macc_decom_test_7x7/random_32_1.txt,,"7495288848877
"," Time: 0.09286880493164062
"
/home/biorobotics/macc_decom_test_7x7/random_40_1.txt,,"835695266724
"," Time: 0.3325846195220947
"
/home/biorobotics/macc_decom_test_7x7/random_15_0.txt,,"694058418274
"," Time: 0.19108819961547852
"
/home/biorobotics/macc_decom_test_7x7/random_34_1.txt,,"492593765259
"," Time: 0.08033919334411621
"
/home/biorobotics/macc_decom_test_7x7/random_32_8.txt,,"362045288086
"," Time: 0.07593321800231934
"
/home/biorobotics/macc_decom_test_7x7/random_44_0.txt,,"8094120025635
"," Time: 0.08862543106079102
"
/home/biorobotics/macc_decom_test_7x7/random_68_1.txt,,"0980234146118
"," Time: 1.072927713394165
"
/home/biorobotics/macc_decom_test_7x7/random_76_10.txt,,"3986282348633
"," Time: 0.022766828536987305
"
/home/biorobotics/macc_decom_test_7x7/random_14_6.txt,,"765438079834
"," Time: 0.08472037315368652
"
/home/biorobotics/macc_decom_test_7x7/random_78_4.txt,,"454704284668
"," Time: 0.08407902717590332
"
/home/biorobotics/macc_decom_test_7x7/random_20_4.txt,,"8711261749268
"," Time: 0.026956558227539062
"
/home/biorobotics/macc_decom_test_7x7/random_81_10.txt,,"410364151001
"," Time: 0.14799046516418457
"
/home/biorobotics/macc_decom_test_7x7/random_3_0.txt,,"9274053573608
"," Time: 0.3247971534729004
"
/home/biorobotics/macc_decom_test_7x7/random_72_2.txt,,"9639654159546
"," Time: 0.24434947967529297
"
/home/biorobotics/macc_decom_test_7x7/random_11_4.txt,,"850563049316
"," Time: 0.5344994068145752
"
/home/biorobotics/macc_decom_test_7x7/random_61_2.txt,,"8460121154785
"," Time: 0.29379916191101074
"
/home/biorobotics/macc_decom_test_7x7/random_73_1.txt,,"1130323410034
"," Time: 0.47679710388183594
"
/home/biorobotics/macc_decom_test_7x7/random_15_3.txt,,"0300731658936
"," Time: 0.1770644187927246
"
/home/biorobotics/macc_decom_test_7x7/random_75_10.txt,,"256965637207
"," Time: 0.024582624435424805
"
/home/biorobotics/macc_decom_test_7x7/random_81_7.txt,,"3859672546387
"," Time: 0.07940793037414551
"
/home/biorobotics/macc_decom_test_7x7/random_34_0.txt,,"653018951416
"," Time: 0.08621811866760254
"
/home/biorobotics/macc_decom_test_7x7/random_67_5.txt,,"749847412109
"," Time: 0.23109078407287598
"
/home/biorobotics/macc_decom_test_7x7/random_16_9.txt,,"5664100646973
"," Time: 0.07056355476379395
"
/home/biorobotics/macc_decom_test_7x7/random_52_6.txt,,"374885559082
"," Time: 0.21414995193481445
"
/home/biorobotics/macc_decom_test_7x7/random_41_0.txt,,"6427068710327
"," Time: 0.1858522891998291
"
/home/biorobotics/macc_decom_test_7x7/random_7_6.txt,,"577423095703
"," Time: 0.06152915954589844
"
/home/biorobotics/macc_decom_test_7x7/random_43_10.txt,,"2436542510986
"," Time: 0.06067323684692383
"
/home/biorobotics/macc_decom_test_7x7/random_72_4.txt,,"750499725342
"," Time: 0.19217395782470703
"
/home/biorobotics/macc_decom_test_7x7/random_24_4.txt,,"328664779663
"," Time: 0.16792821884155273
"
/home/biorobotics/macc_decom_test_7x7/random_39_7.txt,,"367828369141
"," Time: 0.154005765914917
"
/home/biorobotics/macc_decom_test_7x7/random_10_3.txt,,"9741611480713
"," Time: 0.31873607635498047
"
/home/biorobotics/macc_decom_test_7x7/random_77_5.txt,,"577474594116
"," Time: 0.28513216972351074
"
/home/biorobotics/macc_decom_test_7x7/random_66_3.txt,,"056421279907
"," Time: 0.2810037136077881
"
/home/biorobotics/macc_decom_test_7x7/random_19_2.txt,,"5187664031982
"," Time: 0.33847951889038086
"
/home/biorobotics/macc_decom_test_7x7/random_11_1.txt,,"030204772949
"," Time: 0.14886140823364258
"
/home/biorobotics/macc_decom_test_7x7/random_51_5.txt,,"860528945923
"," Time: 0.07517528533935547
"
/home/biorobotics/macc_decom_test_7x7/random_36_6.txt,,"117708206177
"," Time: 0.1452033519744873
"
/home/biorobotics/macc_decom_test_7x7/random_26_9.txt,,"2780380249023
"," Time: 0.16874027252197266
"
/home/biorobotics/macc_decom_test_7x7/random_79_1.txt,,"7567348480225
"," Time: 0.31230592727661133
"
/home/biorobotics/macc_decom_test_7x7/random_50_1.txt,,"00705909729
"," Time: 0.08008718490600586
"
/home/biorobotics/macc_decom_test_7x7/random_10_0.txt,,"3029794692993
"," Time: 0.3195633888244629
"
/home/biorobotics/macc_decom_test_7x7/random_81_1.txt,,"051073074341
"," Time: 0.16424202919006348
"
/home/biorobotics/macc_decom_test_7x7/random_77_3.txt,,"20306968689
"," Time: 0.17086577415466309
"
/home/biorobotics/macc_decom_test_7x7/random_80_3.txt,,"2633934020996
"," Time: 0.5076658725738525
"
/home/biorobotics/macc_decom_test_7x7/random_14_10.txt,,"7974014282227
"," Time: 0.027142047882080078
"
/home/biorobotics/macc_decom_test_7x7/random_40_0.txt,,"871337890625
"," Time: 0.09338521957397461
"
/home/biorobotics/macc_decom_test_7x7/random_78_11.txt,,"252897262573
"," Time: 0.23648667335510254
"
/home/biorobotics/macc_decom_test_7x7/random_47_6.txt,,"032522201538
"," Time: 0.16490769386291504
"
/home/biorobotics/macc_decom_test_7x7/random_22_1.txt,,"459587097168
"," Time: 0.08755826950073242
"
/home/biorobotics/macc_decom_test_7x7/random_1_6.txt,,"7406005859375
"," Time: 0.02675795555114746
"
/home/biorobotics/macc_decom_test_7x7/random_47_0.txt,,"0099334716797
"," Time: 0.2011868953704834
"
/home/biorobotics/macc_decom_test_7x7/random_59_0.txt,,"703136444092
"," Time: 0.10463309288024902
"
/home/biorobotics/macc_decom_test_7x7/random_43_11.txt,,"7517280578613
"," Time: 0.06958150863647461
"
/home/biorobotics/macc_decom_test_7x7/random_75_5.txt,,"784284591675
"," Time: 0.12350988388061523
"
/home/biorobotics/macc_decom_test_7x7/random_79_3.txt,,"479078292847
"," Time: 0.15944409370422363
"
/home/biorobotics/macc_decom_test_7x7/random_46_7.txt,,"7064638137817
"," Time: 0.17542552947998047
"
/home/biorobotics/macc_decom_test_7x7/random_63_5.txt,,"9573764801025
"," Time: 0.2626514434814453
"
/home/biorobotics/macc_decom_test_7x7/random_17_4.txt,,"772804260254
"," Time: 0.09413838386535645
"
/home/biorobotics/macc_decom_test_7x7/random_24_2.txt,,"335699081421
"," Time: 0.14126324653625488
"
/home/biorobotics/macc_decom_test_7x7/random_83_6.txt,,"9248905181885
"," Time: 0.07527899742126465
"
/home/biorobotics/macc_decom_test_7x7/random_9_2.txt,,"720155715942
"," Time: 0.16201186180114746
"
/home/biorobotics/macc_decom_test_7x7/random_53_0.txt,,"7666091918945
"," Time: 0.14209866523742676
"
/home/biorobotics/macc_decom_test_7x7/random_76_1.txt,,"6683921813965
"," Time: 0.16560125350952148
"
/home/biorobotics/macc_decom_test_7x7/random_78_12.txt,,"9351959228516
"," Time: 0.023270606994628906
"
/home/biorobotics/macc_decom_test_7x7/random_57_3.txt,,"7577629089355
"," Time: 0.0635826587677002
"
/home/biorobotics/macc_decom_test_7x7/random_30_8.txt,,"591449737549
"," Time: 0.3716089725494385
"
/home/biorobotics/macc_decom_test_7x7/random_3_3.txt,,"622339248657
"," Time: 0.16008853912353516
"
/home/biorobotics/macc_decom_test_7x7/random_26_11.txt,,"61967754364
"," Time: 0.19367647171020508
"
/home/biorobotics/macc_decom_test_7x7/random_45_4.txt,,"81893157959
"," Time: 0.15402698516845703
"
/home/biorobotics/macc_decom_test_7x7/random_84_8.txt,,"658941268921
"," Time: 0.15230321884155273
"
/home/biorobotics/macc_decom_test_7x7/random_26_1.txt,,"5043687820435
"," Time: 0.3090641498565674
"
/home/biorobotics/macc_decom_test_7x7/random_55_1.txt,,"0132217407227
"," Time: 0.4803276062011719
"
/home/biorobotics/macc_decom_test_7x7/random_19_12.txt,,"331707000732
"," Time: 0.24644112586975098
"
/home/biorobotics/macc_decom_test_7x7/random_84_7.txt,,"0438899993896
"," Time: 0.0690908432006836
"
/home/biorobotics/macc_decom_test_7x7/random_69_2.txt,,"2172164916992
"," Time: 0.044448137283325195
"
/home/biorobotics/macc_decom_test_7x7/random_63_7.txt,,"6740531921387
"," Time: 0.05853104591369629
"
/home/biorobotics/macc_decom_test_7x7/random_50_3.txt,,"6570262908936
"," Time: 0.29197144508361816
"
/home/biorobotics/macc_decom_test_7x7/random_11_0.txt,,"817462921143
"," Time: 0.30681729316711426
"
/home/biorobotics/macc_decom_test_7x7/random_46_8.txt,,"9809474945068
"," Time: 0.151655912399292
"
/home/biorobotics/macc_decom_test_7x7/random_56_9.txt,,"036451339722
"," Time: 0.16566228866577148
"
/home/biorobotics/macc_decom_test_7x7/random_77_1.txt,,"475082397461
"," Time: 0.34809231758117676
"
/home/biorobotics/macc_decom_test_7x7/random_73_2.txt,,"4836874008179
"," Time: 0.5015442371368408
"
/home/biorobotics/macc_decom_test_7x7/random_80_14.txt,,"7365198135376
"," Time: 0.09925389289855957
"
/home/biorobotics/macc_decom_test_7x7/random_45_6.txt,,"3714504241943
"," Time: 0.18976044654846191
"
/home/biorobotics/macc_decom_test_7x7/random_70_5.txt,,"1046028137207
"," Time: 0.04871368408203125
"
/home/biorobotics/macc_decom_test_7x7/random_36_4.txt,,"783638000488
"," Time: 0.27567386627197266
"
/home/biorobotics/macc_decom_test_7x7/random_53_6.txt,,"081153869629
"," Time: 0.30710411071777344
"
/home/biorobotics/macc_decom_test_7x7/random_6_7.txt,,"7353839874268
"," Time: 0.08121895790100098
"
/home/biorobotics/macc_decom_test_7x7/random_82_8.txt,,"229684829712
"," Time: 0.13314390182495117
"
/home/biorobotics/macc_decom_test_7x7/random_1_7.txt,,"3680210113525
"," Time: 0.025367021560668945
"
/home/biorobotics/macc_decom_test_7x7/random_67_2.txt,,"616659164429
"," Time: 0.1955268383026123
"
/home/biorobotics/macc_decom_test_7x7/random_35_2.txt,,"324947357178
"," Time: 0.16890907287597656
"
/home/biorobotics/macc_decom_test_7x7/random_2_6.txt,,"5883750915527
"," Time: 0.02938675880432129
"
/home/biorobotics/macc_decom_test_7x7/random_43_0.txt,,"190891265869
"," Time: 0.3130965232849121
"
/home/biorobotics/macc_decom_test_7x7/random_53_4.txt,,"33695602417
"," Time: 0.3220326900482178
"
/home/biorobotics/macc_decom_test_7x7/random_19_11.txt,,"5343379974365
"," Time: 0.08136582374572754
"
/home/biorobotics/macc_decom_test_7x7/random_9_7.txt,,"058952331543
"," Time: 0.11835122108459473
"
/home/biorobotics/macc_decom_test_7x7/random_80_9.txt,,"34677696228
"," Time: 0.23155713081359863
"
/home/biorobotics/macc_decom_test_7x7/random_25_4.txt,,"3521156311035
"," Time: 0.07324337959289551
"
/home/biorobotics/macc_decom_test_7x7/random_0_1.txt,,"9989595413208
"," Time: 0.5320684909820557
"
/home/biorobotics/macc_decom_test_7x7/random_23_6.txt,,"4485654830933
"," Time: 0.45306968688964844
"
/home/biorobotics/macc_decom_test_7x7/random_4_7.txt,,"0461654663086
"," Time: 0.07104063034057617
"
/home/biorobotics/macc_decom_test_7x7/random_23_7.txt,,"270128250122
"," Time: 0.13862895965576172
"
/home/biorobotics/macc_decom_test_7x7/random_75_8.txt,,"63264465332
"," Time: 0.12218332290649414
"
/home/biorobotics/macc_decom_test_7x7/random_25_7.txt,,"1965637207031
"," Time: 0.022581815719604492
"
/home/biorobotics/macc_decom_test_7x7/random_34_4.txt,,"5117931365967
"," Time: 0.09157371520996094
"
/home/biorobotics/macc_decom_test_7x7/random_12_0.txt,,"7855434417725
"," Time: 0.2315077781677246
"
/home/biorobotics/macc_decom_test_7x7/random_6_9.txt,,"4416408538818
"," Time: 0.033216238021850586
"
/home/biorobotics/macc_decom_test_7x7/random_53_1.txt,,"4762153625488
"," Time: 0.32933592796325684
"
/home/biorobotics/macc_decom_test_7x7/random_6_1.txt,,"973249435425
"," Time: 0.2996208667755127
"
/home/biorobotics/macc_decom_test_7x7/random_16_8.txt,,"8585996627808
"," Time: 0.13907194137573242
"
/home/biorobotics/macc_decom_test_7x7/random_38_2.txt,,"221408843994
"," Time: 0.5454537868499756
"
/home/biorobotics/macc_decom_test_7x7/random_31_2.txt,,"9173488616943
"," Time: 0.08866667747497559
"
/home/biorobotics/macc_decom_test_7x7/random_21_8.txt,,"3905735015869
"," Time: 0.024512052536010742
"
/home/biorobotics/macc_decom_test_7x7/random_27_5.txt,,"600072860718
"," Time: 0.15280818939208984
"
/home/biorobotics/macc_decom_test_7x7/random_60_3.txt,,"2838611602783
"," Time: 0.1044011116027832
"
/home/biorobotics/macc_decom_test_7x7/random_22_3.txt,,"1248111724854
"," Time: 0.14205074310302734
"
/home/biorobotics/macc_decom_test_7x7/random_40_10.txt,,"8830394744873
"," Time: 0.07441234588623047
"
/home/biorobotics/macc_decom_test_7x7/random_21_4.txt,,"710050582886
"," Time: 0.26465916633605957
"
/home/biorobotics/macc_decom_test_7x7/random_36_9.txt,,"1522178649902
"," Time: 0.02225351333618164
"
/home/biorobotics/macc_decom_test_7x7/random_16_0.txt,,"408115386963
"," Time: 0.3521840572357178
"
/home/biorobotics/macc_decom_test_7x7/random_6_4.txt,,"766897201538
"," Time: 0.2788362503051758
"
/home/biorobotics/macc_decom_test_7x7/random_80_15.txt,,"6917591094971
"," Time: 0.02284717559814453
"
/home/biorobotics/macc_decom_test_7x7/random_83_0.txt,,"8690996170044
"," Time: 0.20701074600219727
"
/home/biorobotics/macc_decom_test_7x7/random_47_9.txt,,"3951625823975
"," Time: 0.029124736785888672
"
/home/biorobotics/macc_decom_test_7x7/random_65_7.txt,,"057693481445
"," Time: 0.16857552528381348
"
/home/biorobotics/macc_decom_test_7x7/random_38_0.txt,,"647198677063
"," Time: 0.31453466415405273
"
/home/biorobotics/macc_decom_test_7x7/random_68_4.txt,,"020902633667
"," Time: 0.05190014839172363
"
/home/biorobotics/macc_decom_test_7x7/random_65_4.txt,,"3443965911865
"," Time: 0.2319960594177246
"
/home/biorobotics/macc_decom_test_7x7/random_46_5.txt,,"3862743377686
"," Time: 0.29564857482910156
"
/home/biorobotics/macc_decom_test_7x7/random_2_4.txt,,"480657577515
"," Time: 0.1917870044708252
"
/home/biorobotics/macc_decom_test_7x7/random_57_6.txt,,"9560146331787
"," Time: 0.028536081314086914
"
/home/biorobotics/macc_decom_test_7x7/random_24_11.txt,,"8232192993164
"," Time: 0.022475004196166992
"
/home/biorobotics/macc_decom_test_7x7/random_49_7.txt,,"611972808838
"," Time: 0.14395475387573242
"
/home/biorobotics/macc_decom_test_7x7/random_20_9.txt,,"6608009338379
"," Time: 0.02684783935546875
"
/home/biorobotics/macc_decom_test_7x7/random_61_5.txt,,"7472877502441
"," Time: 0.028247833251953125
"
/home/biorobotics/macc_decom_test_7x7/random_5_7.txt,,"560567855835
"," Time: 0.0730886459350586
"
/home/biorobotics/macc_decom_test_7x7/random_50_7.txt,,"577289581299
"," Time: 0.07193589210510254
"
/home/biorobotics/macc_decom_test_7x7/random_32_11.txt,,"325325012207
"," Time: 0.07651424407958984
"
/home/biorobotics/macc_decom_test_7x7/random_58_7.txt,,"5041885375977
"," Time: 0.024007320404052734
"
/home/biorobotics/macc_decom_test_7x7/random_65_5.txt,,"9376068115234
"," Time: 0.15250110626220703
"
/home/biorobotics/macc_decom_test_7x7/random_24_10.txt,,"9476642608643
"," Time: 0.022840499877929688
"
/home/biorobotics/macc_decom_test_7x7/random_15_7.txt,,"8818435668945
"," Time: 0.025783300399780273
"
/home/biorobotics/macc_decom_test_7x7/random_49_8.txt,,"9384384155273
"," Time: 0.06145501136779785
"
/home/biorobotics/macc_decom_test_7x7/random_32_2.txt,,"3082733154297
"," Time: 0.08598542213439941
"
/home/biorobotics/macc_decom_test_7x7/random_38_7.txt,,"832950592041
"," Time: 0.06001591682434082
"
/home/biorobotics/macc_decom_test_7x7/random_32_5.txt,,"1807250976562
"," Time: 0.08521056175231934
"
/home/biorobotics/macc_decom_test_7x7/random_39_8.txt,,"6634750366211
"," Time: 0.15592408180236816
"
/home/biorobotics/macc_decom_test_7x7/random_21_0.txt,,"9804191589355
"," Time: 0.08968043327331543
"
/home/biorobotics/macc_decom_test_7x7/random_84_10.txt,,"614330291748
"," Time: 0.024523496627807617
"
/home/biorobotics/macc_decom_test_7x7/random_12_5.txt,,"664089202881
"," Time: 0.07851243019104004
"
/home/biorobotics/macc_decom_test_7x7/random_42_3.txt,,"4680347442627
"," Time: 0.0850224494934082
"
/home/biorobotics/macc_decom_test_7x7/random_36_1.txt,,"982297897339
"," Time: 0.19502687454223633
"
/home/biorobotics/macc_decom_test_7x7/random_44_6.txt,,"4341135025024
"," Time: 0.14988088607788086
"
/home/biorobotics/macc_decom_test_7x7/random_33_5.txt,,"260112762451
"," Time: 0.28234267234802246
"
/home/biorobotics/macc_decom_test_7x7/random_48_7.txt,,"48975944519
"," Time: 0.30974769592285156
"
/home/biorobotics/macc_decom_test_7x7/random_10_1.txt,,"9801530838013
"," Time: 0.17478585243225098
"
/home/biorobotics/macc_decom_test_7x7/random_8_4.txt,,"281072616577
"," Time: 0.32231616973876953
"
/home/biorobotics/macc_decom_test_7x7/random_5_0.txt,,"2820682525635
"," Time: 0.0926673412322998
"
/home/biorobotics/macc_decom_test_7x7/random_23_1.txt,,"1235427856445
"," Time: 0.15318799018859863
"
/home/biorobotics/macc_decom_test_7x7/random_77_12.txt,,"858974456787
"," Time: 0.059979915618896484
"
/home/biorobotics/macc_decom_test_7x7/random_78_0.txt,,"8722820281982
"," Time: 0.08342671394348145
"
/home/biorobotics/macc_decom_test_7x7/random_78_8.txt,,"8143005371094
"," Time: 0.07517790794372559
"
/home/biorobotics/macc_decom_test_7x7/random_78_13.txt,,"9952754974365
"," Time: 0.02318549156188965
"
/home/biorobotics/macc_decom_test_7x7/random_0_6.txt,,"195037841797
"," Time: 0.08150839805603027
"
/home/biorobotics/macc_decom_test_7x7/random_83_13.txt,,"6473140716553
"," Time: 0.05170941352844238
"
/home/biorobotics/macc_decom_test_7x7/random_24_9.txt,,"1246433258057
"," Time: 0.0485689640045166
"
/home/biorobotics/macc_decom_test_7x7/random_53_3.txt,,"9631614685059
"," Time: 0.9884641170501709
"
/home/biorobotics/macc_decom_test_7x7/random_53_7.txt,,"8030529022217
"," Time: 0.14633560180664062
"
/home/biorobotics/macc_decom_test_7x7/random_11_11.txt,,"569818496704
"," Time: 0.06195688247680664
"
/home/biorobotics/macc_decom_test_7x7/random_16_6.txt,,"1396408081055
"," Time: 0.447906494140625
"
/home/biorobotics/macc_decom_test_7x7/random_14_7.txt,,"2134647369385
"," Time: 0.02830958366394043
"
/home/biorobotics/macc_decom_test_7x7/random_79_14.txt,,"326766967773
"," Time: 0.12293028831481934
"
/home/biorobotics/macc_decom_test_7x7/random_49_3.txt,,"586637496948
"," Time: 0.1833178997039795
"
/home/biorobotics/macc_decom_test_7x7/random_24_6.txt,,"030860900879
"," Time: 0.13211917877197266
"
/home/biorobotics/macc_decom_test_7x7/random_4_4.txt,,"53936958313
"," Time: 0.16123247146606445
"
/home/biorobotics/macc_decom_test_7x7/random_75_7.txt,,"648212432861
"," Time: 0.163163423538208
"
/home/biorobotics/macc_decom_test_7x7/random_80_11.txt,,"3269214630127
"," Time: 0.04882931709289551
"
/home/biorobotics/macc_decom_test_7x7/random_9_9.txt,,"607473373413
"," Time: 0.07290768623352051
"
/home/biorobotics/macc_decom_test_7x7/random_37_6.txt,,"671772003174
"," Time: 0.27446866035461426
"
/home/biorobotics/macc_decom_test_7x7/random_18_1.txt,,"4653339385986
"," Time: 0.11593389511108398
"
/home/biorobotics/macc_decom_test_7x7/random_36_5.txt,,"6526947021484
"," Time: 0.3019430637359619
"
/home/biorobotics/macc_decom_test_7x7/random_74_0.txt,,"45246219635
"," Time: 0.5757699012756348
"
/home/biorobotics/macc_decom_test_7x7/random_46_9.txt,,"250778198242
"," Time: 0.06125020980834961
"
/home/biorobotics/macc_decom_test_7x7/random_69_4.txt,,"9881534576416
"," Time: 0.17583060264587402
"
/home/biorobotics/macc_decom_test_7x7/random_55_4.txt,,"080722808838
"," Time: 0.13387608528137207
"
/home/biorobotics/macc_decom_test_7x7/random_43_5.txt,,"9665870666504
"," Time: 0.07923078536987305
"
/home/biorobotics/macc_decom_test_7x7/random_70_4.txt,,"687544822693
"," Time: 0.23337769508361816
"
/home/biorobotics/macc_decom_test_7x7/random_39_9.txt,,"1852550506592
"," Time: 0.14337825775146484
"
/home/biorobotics/macc_decom_test_7x7/random_57_0.txt,,"4921569824219
"," Time: 0.24469232559204102
"
/home/biorobotics/macc_decom_test_7x7/random_33_4.txt,,"072389602661
"," Time: 0.17236328125
"
/home/biorobotics/macc_decom_test_7x7/random_25_1.txt,,"976312637329
"," Time: 0.0779719352722168
"
/home/biorobotics/macc_decom_test_7x7/random_59_6.txt,,"918544769287
"," Time: 0.12521743774414062
"
/home/biorobotics/macc_decom_test_7x7/random_27_3.txt,,"2202911376953
"," Time: 0.139909029006958
"
/home/biorobotics/macc_decom_test_7x7/random_38_5.txt,,"642198562622
"," Time: 0.10434317588806152
"
/home/biorobotics/macc_decom_test_7x7/random_56_1.txt,,"0591230392456
"," Time: 0.6327850818634033
"
/home/biorobotics/macc_decom_test_7x7/random_43_7.txt,,"197038650513
"," Time: 0.28581809997558594
"
/home/biorobotics/macc_decom_test_7x7/random_44_5.txt,,"305360794067
"," Time: 0.14484930038452148
"
/home/biorobotics/macc_decom_test_7x7/random_50_2.txt,,"698383331299
"," Time: 0.09481263160705566
"
/home/biorobotics/macc_decom_test_7x7/random_11_3.txt,,"5092334747314
"," Time: 0.07469964027404785
"
/home/biorobotics/macc_decom_test_7x7/random_1_8.txt,,"245530128479
"," Time: 0.2951052188873291
"
/home/biorobotics/macc_decom_test_7x7/random_82_5.txt,,"986526489258
"," Time: 0.14286136627197266
"
/home/biorobotics/macc_decom_test_7x7/random_30_11.txt,,"8340244293213
"," Time: 0.051970720291137695
"
/home/biorobotics/macc_decom_test_7x7/random_70_2.txt,,"587261199951
"," Time: 0.10955691337585449
"
/home/biorobotics/macc_decom_test_7x7/random_7_5.txt,,"971408843994
"," Time: 0.1466846466064453
"
/home/biorobotics/macc_decom_test_7x7/random_55_0.txt,,"7249450683594
"," Time: 0.17712783813476562
"
/home/biorobotics/macc_decom_test_7x7/random_13_3.txt,,"34952545166
"," Time: 0.3188962936401367
"
/home/biorobotics/macc_decom_test_7x7/random_46_0.txt,,"6077041625977
"," Time: 0.21358609199523926
"
/home/biorobotics/macc_decom_test_7x7/random_35_3.txt,,"595663070679
"," Time: 0.28893017768859863
"
/home/biorobotics/macc_decom_test_7x7/random_59_3.txt,,"9215154647827
"," Time: 0.33189916610717773
"
/home/biorobotics/macc_decom_test_7x7/random_21_6.txt,,"855541229248
"," Time: 0.023802757263183594
"
/home/biorobotics/macc_decom_test_7x7/random_77_9.txt,,"789518356323
"," Time: 0.14850640296936035
"
/home/biorobotics/macc_decom_test_7x7/random_64_8.txt,,"6270980834961
"," Time: 0.04672670364379883
"
/home/biorobotics/macc_decom_test_7x7/random_52_1.txt,,"813177108765
"," Time: 0.15832161903381348
"
/home/biorobotics/macc_decom_test_7x7/random_12_4.txt,,"6254272460938
"," Time: 0.09358787536621094
"
/home/biorobotics/macc_decom_test_7x7/random_9_4.txt,,"3273096084595
"," Time: 0.41820549964904785
"
/home/biorobotics/macc_decom_test_7x7/random_74_4.txt,,"4848499298096
"," Time: 0.0904693603515625
"
/home/biorobotics/macc_decom_test_7x7/random_43_4.txt,,"828653335571
"," Time: 0.15996575355529785
"
/home/biorobotics/macc_decom_test_7x7/random_19_5.txt,,"431211471558
"," Time: 0.3466532230377197
"
/home/biorobotics/macc_decom_test_7x7/random_45_11.txt,,"592342376709
"," Time: 0.028040170669555664
"
/home/biorobotics/macc_decom_test_7x7/random_4_0.txt,,"3209838867188
"," Time: 0.19794678688049316
"
/home/biorobotics/macc_decom_test_7x7/random_58_2.txt,,"6764364242554
"," Time: 1.048569679260254
"
/home/biorobotics/macc_decom_test_7x7/random_81_0.txt,,"0318956375122
"," Time: 0.17597460746765137
"
/home/biorobotics/macc_decom_test_7x7/random_26_2.txt,,"4406452178955
"," Time: 0.06897497177124023
"
/home/biorobotics/macc_decom_test_7x7/random_9_8.txt,,"770902633667
"," Time: 0.09541726112365723
"
/home/biorobotics/macc_decom_test_7x7/random_52_9.txt,,"8625869750977
"," Time: 0.13360333442687988
"
/home/biorobotics/macc_decom_test_7x7/random_38_3.txt,,"730417251587
"," Time: 0.30470919609069824
"
/home/biorobotics/macc_decom_test_7x7/random_48_4.txt,,"491310119629
"," Time: 0.0996701717376709
"
/home/biorobotics/macc_decom_test_7x7/random_11_2.txt,,"193504333496
"," Time: 0.23711109161376953
"
/home/biorobotics/macc_decom_test_7x7/random_51_9.txt,,"25864982605
"," Time: 0.19822382926940918
"
/home/biorobotics/macc_decom_test_7x7/random_12_8.txt,,"6250438690186
"," Time: 0.023931503295898438
"
/home/biorobotics/macc_decom_test_7x7/random_56_3.txt,,"731857299805
"," Time: 0.6098825931549072
"
/home/biorobotics/macc_decom_test_7x7/random_2_0.txt,,"4197006225586
"," Time: 0.10483717918395996
"
/home/biorobotics/macc_decom_test_7x7/random_78_5.txt,,"6072673797607
"," Time: 0.07917666435241699
"
/home/biorobotics/macc_decom_test_7x7/random_58_4.txt,,"388385772705
"," Time: 0.4409956932067871
"
/home/biorobotics/macc_decom_test_7x7/random_21_5.txt,,"2006225585938
"," Time: 0.07968592643737793
"
/home/biorobotics/macc_decom_test_7x7/random_77_10.txt,,"922611236572
"," Time: 0.13525915145874023
"
/home/biorobotics/macc_decom_test_7x7/random_42_4.txt,,"8849048614502
"," Time: 0.4043910503387451
"
/home/biorobotics/macc_decom_test_7x7/random_65_2.txt,,"075246810913
"," Time: 0.08942246437072754
"
/home/biorobotics/macc_decom_test_7x7/random_9_0.txt,,"0367527008057
"," Time: 0.15697312355041504
"
/home/biorobotics/macc_decom_test_7x7/random_82_0.txt,,"638195037842
"," Time: 0.3220031261444092
"
/home/biorobotics/macc_decom_test_7x7/random_66_8.txt,,"3997268676758
"," Time: 0.053798675537109375
"
/home/biorobotics/macc_decom_test_7x7/random_2_8.txt,,"936445236206
"," Time: 0.2925527095794678
"
/home/biorobotics/macc_decom_test_7x7/random_33_0.txt,,"0809211730957
"," Time: 0.1869676113128662
"
/home/biorobotics/macc_decom_test_7x7/random_81_11.txt,,"3989906311035
"," Time: 0.07397580146789551
"
/home/biorobotics/macc_decom_test_7x7/random_83_9.txt,,"742734909058
"," Time: 0.1406090259552002
"
/home/biorobotics/macc_decom_test_7x7/random_46_6.txt,,"6744785308838
"," Time: 0.5262398719787598
"
/home/biorobotics/macc_decom_test_7x7/random_80_8.txt,,"803421020508
"," Time: 0.13108491897583008
"
/home/biorobotics/macc_decom_test_7x7/random_42_5.txt,,"971719741821
"," Time: 0.289731502532959
"
/home/biorobotics/macc_decom_test_7x7/random_70_1.txt,,"053011894226
"," Time: 0.960270881652832
"
/home/biorobotics/macc_decom_test_7x7/random_62_2.txt,,"848068237305
"," Time: 0.19975852966308594
"
/home/biorobotics/macc_decom_test_7x7/random_67_3.txt,,"446523666382
"," Time: 0.13875794410705566
"
/home/biorobotics/macc_decom_test_7x7/random_27_6.txt,,"810302734375
"," Time: 0.029576778411865234
"
/home/biorobotics/macc_decom_test_7x7/random_72_1.txt,,"850002288818
"," Time: 0.20048141479492188
"
/home/biorobotics/macc_decom_test_7x7/random_1_3.txt,,"3286323547363
"," Time: 0.5465404987335205
"
/home/biorobotics/macc_decom_test_7x7/random_45_8.txt,,"9356956481934
"," Time: 0.027193784713745117
"
/home/biorobotics/macc_decom_test_7x7/random_79_8.txt,,"330129623413
"," Time: 0.07137751579284668
"
/home/biorobotics/macc_decom_test_7x7/random_83_12.txt,,"799955368042
"," Time: 0.07203793525695801
"
/home/biorobotics/macc_decom_test_7x7/random_75_1.txt,,"501447677612
"," Time: 0.38201022148132324
"
/home/biorobotics/macc_decom_test_7x7/random_49_5.txt,,"7273626327515
"," Time: 0.17290401458740234
"
/home/biorobotics/macc_decom_test_7x7/random_36_3.txt,,"82808303833
"," Time: 0.1502683162689209
"
/home/biorobotics/macc_decom_test_7x7/random_5_4.txt,,"775957107544
"," Time: 0.08819365501403809
"
/home/biorobotics/macc_decom_test_7x7/random_30_3.txt,,"4673194885254
"," Time: 0.3674342632293701
"
/home/biorobotics/macc_decom_test_7x7/random_33_3.txt,,"9113178253174
"," Time: 0.0820777416229248
"
/home/biorobotics/macc_decom_test_7x7/random_27_1.txt,,"460105895996
"," Time: 0.15942859649658203
"
/home/biorobotics/macc_decom_test_7x7/random_46_4.txt,,"867816925049
"," Time: 0.15595054626464844
"
/home/biorobotics/macc_decom_test_7x7/random_68_5.txt,,"4607315063477
"," Time: 0.10771036148071289
"
/home/biorobotics/macc_decom_test_7x7/random_5_1.txt,,"154954910278
"," Time: 0.33095455169677734
"
/home/biorobotics/macc_decom_test_7x7/random_63_4.txt,,"3964290618896
"," Time: 0.1691875457763672
"
/home/biorobotics/macc_decom_test_7x7/random_40_11.txt,,"0967445373535
"," Time: 0.02868962287902832
"
/home/biorobotics/macc_decom_test_7x7/random_59_7.txt,,"411056518555
"," Time: 0.1834416389465332
"
/home/biorobotics/macc_decom_test_7x7/random_24_1.txt,,"428768157959
"," Time: 0.32872700691223145
"
/home/biorobotics/macc_decom_test_7x7/random_22_2.txt,,"04373550415
"," Time: 0.25812196731567383
"
/home/biorobotics/macc_decom_test_7x7/random_82_4.txt,,"168437957764
"," Time: 0.16670966148376465
"
/home/biorobotics/macc_decom_test_7x7/random_82_2.txt,,"170446395874
"," Time: 0.07687211036682129
"
/home/biorobotics/macc_decom_test_7x7/random_61_7.txt,,"9760723114014
"," Time: 0.03277897834777832
"
/home/biorobotics/macc_decom_test_7x7/random_66_6.txt,,"728874206543
"," Time: 0.33909106254577637
"
/home/biorobotics/macc_decom_test_7x7/random_80_4.txt,,"137308120728
"," Time: 0.2985963821411133
"
/home/biorobotics/macc_decom_test_7x7/random_63_3.txt,,"2452716827393
"," Time: 0.3821065425872803
"
/home/biorobotics/macc_decom_test_7x7/random_41_8.txt,,"5414505004883
"," Time: 0.02323126792907715
"
/home/biorobotics/macc_decom_test_7x7/random_19_7.txt,,"582998275757
"," Time: 0.17368412017822266
"
/home/biorobotics/macc_decom_test_7x7/random_27_4.txt,,"744020462036
"," Time: 0.1450939178466797
"
/home/biorobotics/macc_decom_test_7x7/random_62_1.txt,,"8351612091064
"," Time: 0.20840978622436523
"
/home/biorobotics/macc_decom_test_7x7/random_70_0.txt,,"9974966049194
"," Time: 0.44457459449768066
"
/home/biorobotics/macc_decom_test_7x7/random_85_1.txt,,"2206783294678
"," Time: 0.09411764144897461
"
/home/biorobotics/macc_decom_test_7x7/random_37_1.txt,,"0689735412598
"," Time: 0.6819448471069336
"
/home/biorobotics/macc_decom_test_7x7/random_32_6.txt,,"217065811157
"," Time: 0.15067481994628906
"
/home/biorobotics/macc_decom_test_7x7/random_50_0.txt,,"7813930511475
"," Time: 0.3138442039489746
"
/home/biorobotics/macc_decom_test_7x7/random_21_3.txt,,"1119785308838
"," Time: 0.15260529518127441
"
/home/biorobotics/macc_decom_test_7x7/random_70_3.txt,,"3222703933716
"," Time: 0.35837793350219727
"
/home/biorobotics/macc_decom_test_7x7/random_76_6.txt,,"448356628418
"," Time: 0.1485130786895752
"
/home/biorobotics/macc_decom_test_7x7/random_84_6.txt,,"7094078063965
"," Time: 0.16202569007873535
"
/home/biorobotics/macc_decom_test_7x7/random_36_2.txt,,"618057250977
"," Time: 0.332165002822876
"
/home/biorobotics/macc_decom_test_7x7/random_69_5.txt,,"191083908081
"," Time: 0.05905580520629883
"
/home/biorobotics/macc_decom_test_7x7/random_2_3.txt,,"0717029571533
"," Time: 0.9456272125244141
"
/home/biorobotics/macc_decom_test_7x7/random_58_5.txt,,"2108154296875
"," Time: 0.10230541229248047
"
/home/biorobotics/macc_decom_test_7x7/random_14_8.txt,,"7625827789307
"," Time: 0.027120590209960938
"
/home/biorobotics/macc_decom_test_7x7/random_13_6.txt,,"3596029281616
"," Time: 0.5149040222167969
"
/home/biorobotics/macc_decom_test_7x7/random_40_12.txt,,"5648822784424
"," Time: 0.02488255500793457
"
/home/biorobotics/macc_decom_test_7x7/random_48_8.txt,,"5013008117676
"," Time: 0.028360366821289062
"
/home/biorobotics/macc_decom_test_7x7/random_34_7.txt,,"0020885467529
"," Time: 0.0254819393157959
"
/home/biorobotics/macc_decom_test_7x7/random_22_7.txt,,"632793426514
"," Time: 0.37540531158447266
"
/home/biorobotics/macc_decom_test_7x7/random_57_4.txt,,"6973056793213
"," Time: 0.060993194580078125
"
/home/biorobotics/macc_decom_test_7x7/random_37_3.txt,,"7173500061035
"," Time: 0.09186244010925293
"
/home/biorobotics/macc_decom_test_7x7/random_76_0.txt,,"7453441619873
"," Time: 0.08162808418273926
"
/home/biorobotics/macc_decom_test_7x7/random_49_4.txt,,"4366598129272
"," Time: 0.5917401313781738
"
/home/biorobotics/macc_decom_test_7x7/random_3_7.txt,,"207473754883
"," Time: 0.1380615234375
"
/home/biorobotics/macc_decom_test_7x7/random_19_1.txt,,"8476810455322
"," Time: 0.1629338264465332
"
/home/biorobotics/macc_decom_test_7x7/random_13_0.txt,,"5433235168457
"," Time: 0.18771982192993164
"
/home/biorobotics/macc_decom_test_7x7/random_31_3.txt,,"2724266052246
"," Time: 0.05990314483642578
"
/home/biorobotics/macc_decom_test_7x7/random_62_5.txt,,"1434593200684
"," Time: 0.1213691234588623
"
/home/biorobotics/macc_decom_test_7x7/random_40_3.txt,,"163953781128
"," Time: 0.33652567863464355
"
/home/biorobotics/macc_decom_test_7x7/random_63_2.txt,,"3764810562134
"," Time: 0.4908316135406494
"
/home/biorobotics/macc_decom_test_7x7/random_41_9.txt,,"7600173950195
"," Time: 0.02419734001159668
"
/home/biorobotics/macc_decom_test_7x7/random_0_5.txt,,"965980529785
"," Time: 0.3175954818725586
"
/home/biorobotics/macc_decom_test_7x7/random_69_1.txt,,"7562217712402
"," Time: 0.06334424018859863
"
/home/biorobotics/macc_decom_test_7x7/random_43_3.txt,,"1503038406372
"," Time: 0.9069340229034424
"
/home/biorobotics/macc_decom_test_7x7/random_39_6.txt,,"8866205215454
"," Time: 0.533782958984375
"
/home/biorobotics/macc_decom_test_7x7/random_10_4.txt,,"7742195129395
"," Time: 0.15799689292907715
"
/home/biorobotics/macc_decom_test_7x7/random_38_4.txt,,"472137451172
"," Time: 0.40866780281066895
"
/home/biorobotics/macc_decom_test_7x7/random_51_8.txt,,"9651260375977
"," Time: 0.05672645568847656
"
/home/biorobotics/macc_decom_test_7x7/random_78_2.txt,,"743692398071
"," Time: 0.16468501091003418
"
/home/biorobotics/macc_decom_test_7x7/random_77_4.txt,,"3023509979248
"," Time: 0.5008149147033691
"
/home/biorobotics/macc_decom_test_7x7/random_52_2.txt,,"812244415283
"," Time: 0.2765161991119385
"
/home/biorobotics/macc_decom_test_7x7/random_72_0.txt,,"594285964966
"," Time: 0.18225622177124023
"
/home/biorobotics/macc_decom_test_7x7/random_48_2.txt,,"209547042847
"," Time: 0.1835768222808838
"
/home/biorobotics/macc_decom_test_7x7/random_79_13.txt,,"640655517578
"," Time: 0.04889702796936035
"
/home/biorobotics/macc_decom_test_7x7/random_5_6.txt,,"5275745391846
"," Time: 0.027980804443359375
"
/home/biorobotics/macc_decom_test_7x7/random_21_1.txt,,"117305755615
"," Time: 0.3583414554595947
"
/home/biorobotics/macc_decom_test_7x7/random_67_0.txt,,"696222305298
"," Time: 0.14845061302185059
"
/home/biorobotics/macc_decom_test_7x7/random_46_10.txt,,"143507003784
"," Time: 0.22805094718933105
"
/home/biorobotics/macc_decom_test_7x7/random_35_4.txt,,"240571975708
"," Time: 0.07465052604675293
"
/home/biorobotics/macc_decom_test_7x7/random_5_5.txt,,"8313484191895
"," Time: 0.06304526329040527
"
/home/biorobotics/macc_decom_test_7x7/random_17_1.txt,,"163272857666
"," Time: 0.0763998031616211
"
/home/biorobotics/macc_decom_test_7x7/random_35_6.txt,,"9737462997437
"," Time: 0.22862529754638672
"
/home/biorobotics/macc_decom_test_7x7/random_16_3.txt,,"458541870117
"," Time: 0.32653212547302246
"
/home/biorobotics/macc_decom_test_7x7/random_40_5.txt,,"2135524749756
"," Time: 0.08360028266906738
"
/home/biorobotics/macc_decom_test_7x7/random_65_10.txt,,"8643112182617
"," Time: 0.04402017593383789
"
/home/biorobotics/macc_decom_test_7x7/random_81_8.txt,,"3491020202637
"," Time: 0.08306264877319336
"
/home/biorobotics/macc_decom_test_7x7/random_4_3.txt,,"4820919036865
"," Time: 0.08731746673583984
"
/home/biorobotics/macc_decom_test_7x7/random_1_2.txt,,"6984539031982
"," Time: 0.07311654090881348
"
/home/biorobotics/macc_decom_test_7x7/random_7_4.txt,,"39958190918
"," Time: 0.27376866340637207
"
/home/biorobotics/macc_decom_test_7x7/random_22_5.txt,,"6903400421143
"," Time: 0.0900723934173584
"
/home/biorobotics/macc_decom_test_7x7/random_40_9.txt,,"4833602905273
"," Time: 0.057428836822509766
"
/home/biorobotics/macc_decom_test_7x7/random_3_10.txt,,"056968688965
"," Time: 0.14842653274536133
"
/home/biorobotics/macc_decom_test_7x7/random_55_3.txt,,"6243839263916
"," Time: 0.3331947326660156
"
/home/biorobotics/macc_decom_test_7x7/random_55_2.txt,,"908088684082
"," Time: 0.316619873046875
"
/home/biorobotics/macc_decom_test_7x7/random_31_4.txt,,"056921005249
"," Time: 0.2886214256286621
"
/home/biorobotics/macc_decom_test_7x7/random_42_6.txt,,"702606201172
"," Time: 0.2750389575958252
"
/home/biorobotics/macc_decom_test_7x7/random_34_3.txt,,"0264921188354
"," Time: 0.1526656150817871
"
/home/biorobotics/macc_decom_test_7x7/random_32_0.txt,,"143041610718
"," Time: 0.3518855571746826
"
/home/biorobotics/macc_decom_test_7x7/random_61_3.txt,,"3436737060547
"," Time: 0.135514497756958
"
/home/biorobotics/macc_decom_test_7x7/random_74_2.txt,,"932203292847
"," Time: 0.20720839500427246
"
/home/biorobotics/macc_decom_test_7x7/random_35_9.txt,,"18669128418
"," Time: 0.1985323429107666
"
/home/biorobotics/macc_decom_test_7x7/random_13_8.txt,,"775993347168
"," Time: 0.08005237579345703
"
/home/biorobotics/macc_decom_test_7x7/random_80_13.txt,,"027114868164
"," Time: 0.06401824951171875
"
/home/biorobotics/macc_decom_test_7x7/random_17_2.txt,,"489698410034
"," Time: 0.1593945026397705
"
/home/biorobotics/macc_decom_test_7x7/random_3_11.txt,,"039529800415
"," Time: 0.06740379333496094
"
/home/biorobotics/macc_decom_test_7x7/random_52_4.txt,,"9639205932617
"," Time: 0.18643784523010254
"
/home/biorobotics/macc_decom_test_7x7/random_47_1.txt,,"667274475098
"," Time: 0.3652949333190918
"
/home/biorobotics/macc_decom_test_7x7/random_44_2.txt,,"1952533721924
"," Time: 0.14444637298583984
"
/home/biorobotics/macc_decom_test_7x7/random_80_0.txt,,"8754253387451
"," Time: 0.16643929481506348
"
/home/biorobotics/macc_decom_test_7x7/random_49_6.txt,,"1953477859497
"," Time: 0.4585225582122803
"
/home/biorobotics/macc_decom_test_7x7/random_8_1.txt,,"963228225708
"," Time: 0.14344286918640137
"
/home/biorobotics/macc_decom_test_7x7/random_61_6.txt,,"3931522369385
"," Time: 0.027011871337890625
"
/home/biorobotics/macc_decom_test_7x7/random_45_10.txt,,"3802757263184
"," Time: 0.02762746810913086
"
/home/biorobotics/macc_decom_test_7x7/random_22_6.txt,,"8333797454834
"," Time: 0.1251065731048584
"
/home/biorobotics/macc_decom_test_7x7/random_14_3.txt,,"5702171325684
"," Time: 0.08296942710876465
"
/home/biorobotics/macc_decom_test_7x7/random_7_10.txt,,"12467956543
"," Time: 0.12066984176635742
"
/home/biorobotics/macc_decom_test_7x7/random_25_2.txt,,"488409042358
"," Time: 0.26968908309936523
"
/home/biorobotics/macc_decom_test_7x7/random_45_7.txt,,"1958866119385
"," Time: 0.025406837463378906
"
/home/biorobotics/macc_decom_test_7x7/random_60_1.txt,,"4992265701294
"," Time: 0.413238525390625
"
/home/biorobotics/macc_decom_test_7x7/random_16_7.txt,,"607164382935
"," Time: 0.1301281452178955
"
/home/biorobotics/macc_decom_test_7x7/random_30_10.txt,,"573625564575
"," Time: 0.07735085487365723
"
/home/biorobotics/macc_decom_test_7x7/random_69_0.txt,,"4772329330444
"," Time: 0.4647057056427002
"
/home/biorobotics/macc_decom_test_7x7/random_52_8.txt,,"5784740447998
"," Time: 0.07020926475524902
"
/home/biorobotics/macc_decom_test_7x7/random_42_7.txt,,"274656295776
"," Time: 0.4822089672088623
"
/home/biorobotics/macc_decom_test_7x7/random_82_6.txt,,"7686319351196
"," Time: 0.43242931365966797
"
/home/biorobotics/macc_decom_test_7x7/random_53_5.txt,,"4135932922363
"," Time: 0.31510281562805176
"
/home/biorobotics/macc_decom_test_7x7/random_50_4.txt,,"4764461517334
"," Time: 0.0893101692199707
"
/home/biorobotics/macc_decom_test_7x7/random_80_10.txt,,"888385772705
"," Time: 0.22997736930847168
"
/home/biorobotics/macc_decom_test_7x7/random_82_3.txt,,"0523681640625
"," Time: 0.2892775535583496
"
/home/biorobotics/macc_decom_test_7x7/random_83_11.txt,,"2454891204834
"," Time: 0.06273698806762695
"
/home/biorobotics/macc_decom_test_7x7/random_78_6.txt,,"322574615479
"," Time: 0.2663850784301758
"
/home/biorobotics/macc_decom_test_7x7/random_39_2.txt,,"1382217407227
"," Time: 0.07613539695739746
"
/home/biorobotics/macc_decom_test_7x7/random_23_2.txt,,"145778656006
"," Time: 0.10299491882324219
"
/home/biorobotics/macc_decom_test_7x7/random_36_7.txt,,"2101211547852
"," Time: 0.2364332675933838
"
/home/biorobotics/macc_decom_test_7x7/random_15_2.txt,,"595924377441
"," Time: 0.17291569709777832
"
/home/biorobotics/macc_decom_test_7x7/random_4_9.txt,,"645185470581
"," Time: 0.21870064735412598
"
/home/biorobotics/macc_decom_test_7x7/random_41_6.txt,,"250413894653
"," Time: 0.1267547607421875
"
/home/biorobotics/macc_decom_test_7x7/random_15_1.txt,,"3769435882568
"," Time: 0.18558144569396973
"
/home/biorobotics/macc_decom_test_7x7/random_22_0.txt,,"0498962402344
"," Time: 0.1761012077331543
"
/home/biorobotics/macc_decom_test_7x7/random_51_3.txt,,"4594583511353
"," Time: 1.0620057582855225
"
/home/biorobotics/macc_decom_test_7x7/random_65_3.txt,,"254711151123
"," Time: 0.15668082237243652
"
/home/biorobotics/macc_decom_test_7x7/random_3_5.txt,,"5523929595947
"," Time: 0.48745203018188477
"
/home/biorobotics/macc_decom_test_7x7/random_81_13.txt,,"4741230010986
"," Time: 0.02228832244873047
"
/home/biorobotics/macc_decom_test_7x7/random_52_0.txt,,"1278867721558
"," Time: 0.1819145679473877
"
/home/biorobotics/macc_decom_test_7x7/random_45_9.txt,,"4107189178467
"," Time: 0.02710700035095215
"
/home/biorobotics/macc_decom_test_7x7/random_51_6.txt,,"061773300171
"," Time: 0.14258313179016113
"
/home/biorobotics/macc_decom_test_7x7/random_77_11.txt,,"0788431167603
"," Time: 0.13064169883728027
"
/home/biorobotics/macc_decom_test_7x7/random_74_6.txt,,"5420837402344
"," Time: 0.03612065315246582
"
/home/biorobotics/macc_decom_test_7x7/random_78_10.txt,,"005422592163
"," Time: 0.1293928623199463
"
/home/biorobotics/macc_decom_test_7x7/random_12_9.txt,,"49147605896
"," Time: 0.022664546966552734
"
/home/biorobotics/macc_decom_test_7x7/random_81_5.txt,,"3405418396
"," Time: 0.2593235969543457
"
/home/biorobotics/macc_decom_test_7x7/random_35_0.txt,,"1535348892212
"," Time: 0.17206430435180664
"
/home/biorobotics/macc_decom_test_7x7/random_8_2.txt,,"6227588653564
"," Time: 0.15755128860473633
"
/home/biorobotics/macc_decom_test_7x7/random_75_4.txt,,"88556098938
"," Time: 0.3204829692840576
"
/home/biorobotics/macc_decom_test_7x7/random_50_6.txt,,"8412017822266
"," Time: 0.1746807098388672
"
/home/biorobotics/macc_decom_test_7x7/random_3_9.txt,,"9183740615845
"," Time: 0.1554563045501709
"
/home/biorobotics/macc_decom_test_7x7/random_7_0.txt,,"1248369216919
"," Time: 0.22565531730651855
"
/home/biorobotics/macc_decom_test_7x7/random_78_3.txt,,"0866384506226
"," Time: 0.1688220500946045
"
/home/biorobotics/macc_decom_test_7x7/random_84_0.txt,,"5004634857178
"," Time: 0.08330893516540527
"
/home/biorobotics/macc_decom_test_7x7/random_13_9.txt,,"6607837677
"," Time: 0.06963777542114258
"
/home/biorobotics/macc_decom_test_7x7/random_40_2.txt,,"359983444214
"," Time: 0.3321988582611084
"
/home/biorobotics/macc_decom_test_7x7/random_77_7.txt,,"0043621063232
"," Time: 0.44764232635498047
"
/home/biorobotics/macc_decom_test_7x7/random_66_2.txt,,"843687057495
"," Time: 0.2615175247192383
"
/home/biorobotics/macc_decom_test_7x7/random_79_10.txt,,"6659049987793
"," Time: 0.12879252433776855
"
/home/biorobotics/macc_decom_test_7x7/random_61_0.txt,,"9179515838623
"," Time: 0.5274660587310791
"
/home/biorobotics/macc_decom_test_7x7/random_75_2.txt,,"048999786377
"," Time: 0.32409095764160156
"
/home/biorobotics/macc_decom_test_7x7/random_40_6.txt,,"040536880493
"," Time: 0.16543054580688477
"
/home/biorobotics/macc_decom_test_7x7/random_13_2.txt,,"700538635254
"," Time: 0.08373141288757324
"
/home/biorobotics/macc_decom_test_7x7/random_17_7.txt,,"67715549469
"," Time: 0.14296412467956543
"
/home/biorobotics/macc_decom_test_7x7/random_49_0.txt,,"2471656799316
"," Time: 0.19778990745544434
"
/home/biorobotics/macc_decom_test_7x7/random_51_0.txt,,"946056365967
"," Time: 0.09358811378479004
"
/home/biorobotics/macc_decom_test_7x7/random_37_10.txt,,"7179336547852
"," Time: 0.0396265983581543
"
/home/biorobotics/macc_decom_test_7x7/random_14_11.txt,,"47529220581
"," Time: 0.25198864936828613
"
/home/biorobotics/macc_decom_test_7x7/random_44_3.txt,,"1379747390747
"," Time: 0.29406261444091797
"
/home/biorobotics/macc_decom_test_7x7/random_26_6.txt,,"0525283813477
"," Time: 0.1520249843597412
"
/home/biorobotics/macc_decom_test_7x7/random_66_5.txt,,"5571193695068
"," Time: 0.10821795463562012
"
/home/biorobotics/macc_decom_test_7x7/random_63_0.txt,,"5480680465698
"," Time: 0.2019045352935791
"
/home/biorobotics/macc_decom_test_7x7/random_60_2.txt,,"183620452881
"," Time: 0.08745026588439941
"
/home/biorobotics/macc_decom_test_7x7/random_54_7.txt,,"4517135620117
"," Time: 0.06861281394958496
"
/home/biorobotics/macc_decom_test_7x7/random_33_1.txt,,"927827835083
"," Time: 0.09270644187927246
"
/home/biorobotics/macc_decom_test_7x7/random_64_6.txt,,"751045227051
"," Time: 0.07617425918579102
"
/home/biorobotics/macc_decom_test_7x7/random_19_4.txt,,"471399307251
"," Time: 0.32773470878601074
"
/home/biorobotics/macc_decom_test_7x7/random_59_4.txt,,"4059944152832
"," Time: 0.19230318069458008
"
/home/biorobotics/macc_decom_test_7x7/random_16_4.txt,,"707162857056
"," Time: 0.15976548194885254
"
/home/biorobotics/macc_decom_test_7x7/random_0_7.txt,,"1512756347656
"," Time: 0.023919105529785156
"
/home/biorobotics/macc_decom_test_7x7/random_31_5.txt,,"244432449341
"," Time: 0.25229406356811523
"
/home/biorobotics/macc_decom_test_7x7/random_48_5.txt,,"4351062774658
"," Time: 0.03140592575073242
"
/home/biorobotics/macc_decom_test_7x7/random_64_3.txt,,"127309799194
"," Time: 0.26528334617614746
"
/home/biorobotics/macc_decom_test_7x7/random_70_7.txt,,"5526733398438
"," Time: 0.05470395088195801
"
/home/biorobotics/macc_decom_test_7x7/random_54_9.txt,,"8207740783691
"," Time: 0.02302074432373047
"
/home/biorobotics/macc_decom_test_7x7/random_40_7.txt,,"475835800171
"," Time: 0.15588736534118652
"
/home/biorobotics/macc_decom_test_7x7/random_36_8.txt,,"661989212036
"," Time: 0.06129622459411621
"
/home/biorobotics/macc_decom_test_7x7/random_32_10.txt,,"44612121582
"," Time: 0.15009546279907227
"
/home/biorobotics/macc_decom_test_7x7/random_75_9.txt,,"7066249847412
"," Time: 0.0245511531829834
"
/home/biorobotics/macc_decom_test_7x7/random_14_9.txt,,"0197620391846
"," Time: 0.026546716690063477
"
/home/biorobotics/macc_decom_test_7x7/random_47_5.txt,,"40811920166
"," Time: 0.15300941467285156
"
/home/biorobotics/macc_decom_test_7x7/random_11_9.txt,,"7064838409424
"," Time: 0.15111565589904785
"
/home/biorobotics/macc_decom_test_7x7/random_76_12.txt,,"726900100708
"," Time: 0.027684450149536133
"
/home/biorobotics/macc_decom_test_7x7/random_45_2.txt,,"9584283828735
"," Time: 0.509035587310791
"
/home/biorobotics/macc_decom_test_7x7/random_6_0.txt,,"5254859924316
"," Time: 0.09492921829223633
"
/home/biorobotics/macc_decom_test_7x7/random_84_5.txt,,"8956241607666
"," Time: 0.07786870002746582
"
/home/biorobotics/macc_decom_test_7x7/random_48_0.txt,,"640926361084
"," Time: 0.35015869140625
"
/home/biorobotics/macc_decom_test_7x7/random_81_3.txt,,"1553268432617
"," Time: 0.07891440391540527
"
/home/biorobotics/macc_decom_test_7x7/random_33_9.txt,,"9076442718506
"," Time: 0.05995297431945801
"
/home/biorobotics/macc_decom_test_7x7/random_61_1.txt,,"5438823699951
"," Time: 0.4716017246246338
"
/home/biorobotics/macc_decom_test_7x7/random_16_1.txt,,"714906692505
"," Time: 0.09079265594482422
"
/home/biorobotics/macc_decom_test_7x7/random_56_10.txt,,"5229663848877
"," Time: 0.4732797145843506
"
/home/biorobotics/macc_decom_test_7x7/random_84_3.txt,,"92486000061
"," Time: 0.30963635444641113
"
/home/biorobotics/macc_decom_test_7x7/random_33_2.txt,,"5375690460205
"," Time: 0.17006754875183105
"
/home/biorobotics/macc_decom_test_7x7/random_59_8.txt,,"6587314605713
"," Time: 0.02670884132385254
"
/home/biorobotics/macc_decom_test_7x7/random_65_6.txt,,"725389480591
"," Time: 0.08993315696716309
"
/home/biorobotics/macc_decom_test_7x7/random_19_9.txt,,"054012298584
"," Time: 0.16138100624084473
"
/home/biorobotics/macc_decom_test_7x7/random_0_8.txt,,"7864236831665
"," Time: 0.43716859817504883
"
/home/biorobotics/macc_decom_test_7x7/random_34_8.txt,,"1912784576416
"," Time: 0.024593830108642578
"
/home/biorobotics/macc_decom_test_7x7/random_71_1.txt,,"743829727173
"," Time: 0.21596956253051758
"
/home/biorobotics/macc_decom_test_7x7/random_76_8.txt,,"8678226470947
"," Time: 0.05817270278930664
"
/home/biorobotics/macc_decom_test_7x7/random_39_11.txt,,"104015350342
"," Time: 0.22128677368164062
"
/home/biorobotics/macc_decom_test_7x7/random_15_8.txt,,"9646682739258
"," Time: 0.028153419494628906
"
/home/biorobotics/macc_decom_test_7x7/random_23_5.txt,,"606439590454
"," Time: 0.19362998008728027
"
/home/biorobotics/macc_decom_test_7x7/random_66_0.txt,,"9422035217285
"," Time: 0.09803032875061035
"
/home/biorobotics/macc_decom_test_7x7/random_50_5.txt,,"587364196777
"," Time: 0.2269749641418457
"
/home/biorobotics/macc_decom_test_7x7/random_25_3.txt,,"996870040894
"," Time: 0.2977447509765625
"
/home/biorobotics/macc_decom_test_7x7/random_41_2.txt,,"970359802246
"," Time: 0.08406567573547363
"
/home/biorobotics/macc_decom_test_7x7/random_71_3.txt,,"592182159424
"," Time: 0.27337145805358887
"
/home/biorobotics/macc_decom_test_7x7/random_59_9.txt,,"5453395843506
"," Time: 0.051476478576660156
"
/home/biorobotics/macc_decom_test_7x7/random_76_2.txt,,"470624923706
"," Time: 0.08274412155151367
"
/home/biorobotics/macc_decom_test_7x7/random_30_12.txt,,"6549606323242
"," Time: 0.026085615158081055
"
/home/biorobotics/macc_decom_test_7x7/random_16_2.txt,,"18426322937
"," Time: 0.17095160484313965
"
/home/biorobotics/macc_decom_test_7x7/random_26_8.txt,,"008758544922
"," Time: 0.12202668190002441
"
/home/biorobotics/macc_decom_test_7x7/random_79_4.txt,,"6273555755615
"," Time: 0.30422425270080566
"
/home/biorobotics/macc_decom_test_7x7/random_37_5.txt,,"527784347534
"," Time: 0.11519289016723633
"
/home/biorobotics/macc_decom_test_7x7/random_56_4.txt,,"5117893218994
"," Time: 0.40478992462158203
"
/home/biorobotics/macc_decom_test_7x7/random_77_8.txt,,"8872203826904
"," Time: 0.06709456443786621
"
/home/biorobotics/macc_decom_test_7x7/random_33_6.txt,,"388101577759
"," Time: 0.07338285446166992
"
/home/biorobotics/macc_decom_test_7x7/random_23_8.txt,,"870641708374
"," Time: 0.21703338623046875
"
/home/biorobotics/macc_decom_test_7x7/random_30_0.txt,,"037628173828
"," Time: 0.624868631362915
"
/home/biorobotics/macc_decom_test_7x7/random_70_6.txt,,"8261909484863
"," Time: 0.07080507278442383
"
/home/biorobotics/macc_decom_test_7x7/random_80_7.txt,,"1528072357178
"," Time: 0.07167387008666992
"
/home/biorobotics/macc_decom_test_7x7/random_17_8.txt,,"2535877227783
"," Time: 0.0759286880493164
"
/home/biorobotics/macc_decom_test_7x7/random_51_4.txt,,"1883306503296
"," Time: 0.1765580177307129
"
/home/biorobotics/macc_decom_test_7x7/random_54_8.txt,,"139892578125
"," Time: 0.025791645050048828
"
/home/biorobotics/macc_decom_test_7x7/random_37_4.txt,,"480672836304
"," Time: 0.1530163288116455
"
/home/biorobotics/macc_decom_test_7x7/random_43_8.txt,,"109292984009
"," Time: 0.17167067527770996
"
/home/biorobotics/macc_decom_test_7x7/random_10_11.txt,,"6660795211792
"," Time: 0.15128064155578613
"
/home/biorobotics/macc_decom_test_7x7/random_58_3.txt,,"879858016968
"," Time: 0.1750631332397461
"
/home/biorobotics/macc_decom_test_7x7/random_40_4.txt,,"0615615844727
"," Time: 0.17972874641418457
"
/home/biorobotics/macc_decom_test_7x7/random_4_8.txt,,"751277923584
"," Time: 0.4234013557434082
"
/home/biorobotics/macc_decom_test_7x7/random_23_0.txt,,"680826187134
"," Time: 0.30989861488342285
"
/home/biorobotics/macc_decom_test_7x7/random_53_8.txt,,"931468963623
"," Time: 0.06459236145019531
"
/home/biorobotics/macc_decom_test_7x7/random_41_7.txt,,"18172454834
"," Time: 0.06297993659973145
"
/home/biorobotics/macc_decom_test_7x7/random_51_7.txt,,"907669067383
"," Time: 0.13916492462158203
"
/home/biorobotics/macc_decom_test_7x7/random_67_6.txt,,"864917755127
"," Time: 0.16394662857055664
"
/home/biorobotics/macc_decom_test_7x7/random_71_4.txt,,"4151668548584
"," Time: 0.12125730514526367
"
/home/biorobotics/macc_decom_test_7x7/random_11_7.txt,,"064348220825
"," Time: 0.09503912925720215
"
/home/biorobotics/macc_decom_test_7x7/random_11_6.txt,,"021062850952
"," Time: 0.18749499320983887
"
/home/biorobotics/macc_decom_test_7x7/random_73_7.txt,,"4107427597046
"," Time: 0.30036020278930664
"
/home/biorobotics/macc_decom_test_7x7/random_31_8.txt,,"519453048706
"," Time: 0.07505464553833008
"
/home/biorobotics/macc_decom_test_7x7/random_35_5.txt,,"628221511841
"," Time: 0.15441584587097168
"
/home/biorobotics/macc_decom_test_7x7/random_77_13.txt,,"709873199463
"," Time: 0.05677294731140137
"
/home/biorobotics/macc_decom_test_7x7/random_64_0.txt,,"7059936523438
"," Time: 0.10940265655517578
"
/home/biorobotics/macc_decom_test_7x7/random_73_6.txt,,"942279815674
"," Time: 0.11672210693359375
"
/home/biorobotics/macc_decom_test_7x7/random_31_0.txt,,"6005420684814
"," Time: 0.08414077758789062
"
/home/biorobotics/macc_decom_test_7x7/random_42_9.txt,,"735860824585
"," Time: 0.3948497772216797
"
/home/biorobotics/macc_decom_test_7x7/random_18_4.txt,,"4148349761963
"," Time: 0.19311904907226562
"
/home/biorobotics/macc_decom_test_7x7/random_82_1.txt,,"208318710327
"," Time: 0.0853884220123291
"
/home/biorobotics/macc_decom_test_7x7/random_0_3.txt,,"5935897827148
"," Time: 0.5142440795898438
"
/home/biorobotics/macc_decom_test_7x7/random_57_1.txt,,"069997787476
"," Time: 0.3628969192504883
"
/home/biorobotics/macc_decom_test_7x7/random_18_2.txt,,"386302947998
"," Time: 0.3597087860107422
"
/home/biorobotics/macc_decom_test_7x7/random_43_2.txt,,"5170307159424
"," Time: 0.16779589653015137
"
/home/biorobotics/macc_decom_test_7x7/random_83_3.txt,,"377592086792
"," Time: 0.29645395278930664
"
/home/biorobotics/macc_decom_test_7x7/random_72_6.txt,,"3268547058105
"," Time: 0.12800002098083496
"
/home/biorobotics/macc_decom_test_7x7/random_12_3.txt,,"4716567993164
"," Time: 0.14812183380126953
"
/home/biorobotics/macc_decom_test_7x7/random_32_3.txt,,"291208267212
"," Time: 0.32050538063049316
"
/home/biorobotics/macc_decom_test_7x7/random_8_0.txt,,"901243209839
"," Time: 0.3133869171142578
"
/home/biorobotics/macc_decom_test_7x7/random_66_1.txt,,"908082962036
"," Time: 0.08395195007324219
"
/home/biorobotics/macc_decom_test_7x7/random_8_3.txt,,"360195159912
"," Time: 0.1524183750152588
"
/home/biorobotics/macc_decom_test_7x7/random_63_1.txt,,"488933563232
"," Time: 0.458815336227417
"
/home/biorobotics/macc_decom_test_7x7/random_71_0.txt,,"777910232544
"," Time: 0.5768005847930908
"
/home/biorobotics/macc_decom_test_7x7/random_42_1.txt,,"2790279388428
"," Time: 0.14849281311035156
"
/home/biorobotics/macc_decom_test_7x7/random_26_5.txt,,"77912902832
"," Time: 0.25932931900024414
"
/home/biorobotics/macc_decom_test_7x7/random_32_9.txt,,"5124073028564
"," Time: 0.15074658393859863
"
/home/biorobotics/macc_decom_test_7x7/random_44_4.txt,,"335910797119
"," Time: 0.05357789993286133
"
/home/biorobotics/macc_decom_test_7x7/random_6_6.txt,,"397994995117
"," Time: 0.07861733436584473
"
/home/biorobotics/macc_decom_test_7x7/random_21_2.txt,,"945293426514
"," Time: 0.17417001724243164
"
/home/biorobotics/macc_decom_test_7x7/random_59_1.txt,,"10556602478
"," Time: 0.33554625511169434
"
/home/biorobotics/macc_decom_test_7x7/random_48_3.txt,,"6915798187256
"," Time: 0.09411263465881348
"
/home/biorobotics/macc_decom_test_7x7/random_0_2.txt,,"0465297698975
"," Time: 0.1634213924407959
"
/home/biorobotics/macc_decom_test_7x7/random_83_4.txt,,"5067892074585
"," Time: 0.5238494873046875
"
/home/biorobotics/macc_decom_test_7x7/random_56_8.txt,,"644540786743
"," Time: 0.4322175979614258
"
/home/biorobotics/macc_decom_test_7x7/random_7_9.txt,,"8999214172363
"," Time: 0.12647557258605957
"
/home/biorobotics/macc_decom_test_7x7/random_76_11.txt,,"3819599151611
"," Time: 0.023427963256835938
"
/home/biorobotics/macc_decom_test_7x7/random_45_1.txt,,"934144973755
"," Time: 0.14906072616577148
"
/home/biorobotics/macc_decom_test_7x7/random_32_4.txt,,"4207544326782
"," Time: 0.5349526405334473
"
/home/biorobotics/macc_decom_test_7x7/random_9_6.txt,,"785968780518
"," Time: 0.2990589141845703
"
/home/biorobotics/macc_decom_test_7x7/random_38_1.txt,,"2679805755615
"," Time: 0.10577630996704102
"
/home/biorobotics/macc_decom_test_7x7/random_6_3.txt,,"493976593018
"," Time: 0.27030205726623535
"
/home/biorobotics/macc_decom_test_7x7/random_77_14.txt,,"7962322235107
"," Time: 0.051477909088134766
"
/home/biorobotics/macc_decom_test_7x7/random_43_9.txt,,"5134620666504
"," Time: 0.06253242492675781
"
/home/biorobotics/macc_decom_test_7x7/random_10_5.txt,,"473129272461
"," Time: 0.26958537101745605
"
/home/biorobotics/macc_decom_test_7x7/random_82_9.txt,,"1112384796143
"," Time: 0.15828967094421387
"
/home/biorobotics/macc_decom_test_7x7/random_33_7.txt,,"7988843917847
"," Time: 0.1327986717224121
"
/home/biorobotics/macc_decom_test_7x7/random_8_7.txt,,"1321334838867
"," Time: 0.024778127670288086
"
/home/biorobotics/macc_decom_test_7x7/random_62_0.txt,,"2307167053223
"," Time: 0.4918203353881836
"
/home/biorobotics/macc_decom_test_7x7/random_32_12.txt,,"8968963623047
"," Time: 0.12072157859802246
"
/home/biorobotics/macc_decom_test_7x7/random_26_3.txt,,"704975128174
"," Time: 0.27199244499206543
"
/home/biorobotics/macc_decom_test_7x7/random_13_5.txt,,"746923446655
"," Time: 0.2962925434112549
"
/home/biorobotics/macc_decom_test_7x7/random_4_2.txt,,"636024475098
"," Time: 0.18005800247192383
"
/home/biorobotics/macc_decom_test_7x7/random_14_0.txt,,"487676620483
"," Time: 0.37382030487060547
"
/home/biorobotics/macc_decom_test_7x7/random_12_2.txt,,"447075843811
"," Time: 0.31360435485839844
"
/home/biorobotics/macc_decom_test_7x7/random_17_0.txt,,"7575359344482
"," Time: 0.08313965797424316
"
/home/biorobotics/macc_decom_test_7x7/random_30_13.txt,,"0471687316895
"," Time: 0.02541375160217285
"
/home/biorobotics/macc_decom_test_7x7/random_46_3.txt,,"4985475540161
"," Time: 0.30936694145202637
"
/home/biorobotics/macc_decom_test_7x7/random_65_0.txt,,"161720275879
"," Time: 0.14053750038146973
"
/home/biorobotics/macc_decom_test_7x7/random_27_0.txt,,"7210845947266
"," Time: 0.08725237846374512
"
/home/biorobotics/macc_decom_test_7x7/random_76_7.txt,,"137712478638
"," Time: 0.14236998558044434
"
/home/biorobotics/macc_decom_test_7x7/random_38_6.txt,,"801336288452
"," Time: 0.12960171699523926
"
/home/biorobotics/macc_decom_test_7x7/random_26_10.txt,,"0838146209717
"," Time: 0.1110374927520752
"
/home/biorobotics/macc_decom_test_7x7/random_52_7.txt,,"7878074645996
"," Time: 0.058492422103881836
"
/home/biorobotics/macc_decom_test_7x7/random_73_4.txt,,"7447156906128
"," Time: 0.9222469329833984
"
/home/biorobotics/macc_decom_test_7x7/random_9_5.txt,,"276822090149
"," Time: 0.15919089317321777
"
/home/biorobotics/macc_decom_test_7x7/random_44_8.txt,,"353395462036
"," Time: 0.061011314392089844
"
/home/biorobotics/macc_decom_test_7x7/random_82_10.txt,,"4023246765137
"," Time: 0.0736093521118164
"
/home/biorobotics/macc_decom_test_7x7/random_64_5.txt,,"56266784668
"," Time: 0.3037991523742676
"
/home/biorobotics/macc_decom_test_7x7/random_78_9.txt,,"145927429199
"," Time: 0.1455857753753662
"
/home/biorobotics/macc_decom_test_7x7/random_84_9.txt,,"5490016937256
"," Time: 0.024440765380859375
"
/home/biorobotics/macc_decom_test_7x7/random_72_3.txt,,"576623916626
"," Time: 0.9268765449523926
"
/home/biorobotics/macc_decom_test_7x7/random_58_0.txt,,"2247943878174
"," Time: 0.1030876636505127
"
/home/biorobotics/macc_decom_test_7x7/random_59_5.txt,,"86527633667
"," Time: 0.25313639640808105
"
/home/biorobotics/macc_decom_test_7x7/random_71_5.txt,,"8005838394165
"," Time: 0.7055506706237793
"
/home/biorobotics/macc_decom_test_7x7/random_80_2.txt,,"4033241271973
"," Time: 0.07581686973571777
"
/home/biorobotics/macc_decom_test_7x7/random_42_2.txt,,"2301235198975
"," Time: 0.15336823463439941
"
/home/biorobotics/macc_decom_test_7x7/random_12_6.txt,,"4675254821777
"," Time: 0.0722818374633789
"
/home/biorobotics/macc_decom_test_7x7/random_56_5.txt,,"5165205001831
"," Time: 0.34966158866882324
"
/home/biorobotics/macc_decom_test_7x7/random_71_2.txt,,"7025651931763
"," Time: 0.5625171661376953
"
/home/biorobotics/macc_decom_test_7x7/random_41_3.txt,,"601619720459
"," Time: 0.07378411293029785
"
/home/biorobotics/macc_decom_test_7x7/random_56_0.txt,,"928321838379
"," Time: 0.14959216117858887
"
/home/biorobotics/macc_decom_test_7x7/random_31_9.txt,,"2352638244629
"," Time: 0.028565168380737305
"
/home/biorobotics/macc_decom_test_7x7/random_37_9.txt,,"3709812164307
"," Time: 0.05762529373168945
"
/home/biorobotics/macc_decom_test_7x7/random_20_0.txt,,"9865474700928
"," Time: 0.09410214424133301
"
/home/biorobotics/macc_decom_test_7x7/random_12_1.txt,,"486780166626
"," Time: 0.33434414863586426
"
/home/biorobotics/macc_decom_test_7x7/random_33_8.txt,,"3720169067383
"," Time: 0.05303812026977539
"
/home/biorobotics/macc_decom_test_7x7/random_18_10.txt,,"7580337524414
"," Time: 0.02408909797668457
"
/home/biorobotics/macc_decom_test_7x7/random_26_4.txt,,"441473007202
"," Time: 0.4898407459259033
"
/home/biorobotics/macc_decom_test_7x7/random_37_11.txt,,"8499927520752
"," Time: 0.02680039405822754
"
/home/biorobotics/macc_decom_test_7x7/random_73_0.txt,,"422212600708
"," Time: 0.18549036979675293
"
/home/biorobotics/macc_decom_test_7x7/random_13_7.txt,,"281223297119
"," Time: 0.0743415355682373
"
/home/biorobotics/macc_decom_test_7x7/random_84_1.txt,,"547706604004
"," Time: 0.30431318283081055
"
/home/biorobotics/macc_decom_test_7x7/random_19_0.txt,,"9205904006958
"," Time: 0.16739201545715332
"
/home/biorobotics/macc_decom_test_7x7/random_10_9.txt,,"2954139709473
"," Time: 0.023143768310546875
"
/home/biorobotics/macc_decom_test_7x7/random_25_5.txt,,"3870716094971
"," Time: 0.02454090118408203
"
/home/biorobotics/macc_decom_test_7x7/random_17_3.txt,,"131824493408
"," Time: 0.14529085159301758
"
/home/biorobotics/macc_decom_test_7x7/random_81_4.txt,,"1237964630127
"," Time: 0.1476149559020996
"
/home/biorobotics/macc_decom_test_7x7/random_82_7.txt,,"482702255249
"," Time: 0.07579517364501953
"
/home/biorobotics/macc_decom_test_7x7/random_61_4.txt,,"4543828964233
"," Time: 0.20269227027893066
"
/home/biorobotics/macc_decom_test_7x7/random_24_7.txt,,"280628204346
"," Time: 0.13620352745056152
"
/home/biorobotics/macc_decom_test_7x7/random_50_8.txt,,"99168586731
"," Time: 0.18541312217712402
"
/home/biorobotics/macc_decom_test_7x7/random_10_2.txt,,"5459270477295
"," Time: 0.29263877868652344
"
/home/biorobotics/macc_decom_test_7x7/random_18_9.txt,,"235065460205
"," Time: 0.17035984992980957
"
/home/biorobotics/macc_decom_test_7x7/random_79_0.txt,,"2710037231445
"," Time: 0.18523836135864258
"
/home/biorobotics/macc_decom_test_7x7/random_54_4.txt,,"416025161743
"," Time: 0.10166358947753906
"
/home/biorobotics/macc_decom_test_7x7/random_83_1.txt,,"8741722106934
"," Time: 0.0795137882232666
"
/home/biorobotics/macc_decom_test_7x7/random_63_8.txt,,"5397338867188
"," Time: 0.03322172164916992
"
/home/biorobotics/macc_decom_test_7x7/random_82_11.txt,,"5268001556396
"," Time: 0.06975197792053223
"
/home/biorobotics/macc_decom_test_7x7/random_9_10.txt,,"215368270874
"," Time: 0.02344536781311035
"
/home/biorobotics/macc_decom_test_7x7/random_2_5.txt,,"6105690002441
"," Time: 0.030453205108642578
"
/home/biorobotics/macc_decom_test_7x7/random_83_7.txt,,"6539268493652
"," Time: 0.07013678550720215
"
/home/biorobotics/macc_decom_test_7x7/random_48_1.txt,,"1223793029785
"," Time: 0.19756150245666504
"
/home/biorobotics/macc_decom_test_7x7/random_72_7.txt,,"3371601104736
"," Time: 0.36084699630737305
"
/home/biorobotics/macc_decom_test_7x7/random_2_2.txt,,"9997386932373
"," Time: 0.5556299686431885
"
/home/biorobotics/macc_decom_test_7x7/random_10_7.txt,,"8689393997192
"," Time: 0.15635919570922852
"
/home/biorobotics/macc_decom_test_7x7/random_23_9.txt,,"9560317993164
"," Time: 0.0678243637084961
"
/home/biorobotics/macc_decom_test_7x7/random_58_6.txt,,"9049263000488
"," Time: 0.04492306709289551
"
/home/biorobotics/macc_decom_test_7x7/random_1_5.txt,,"7358856201172
"," Time: 0.027723312377929688
"
/home/biorobotics/macc_decom_test_7x7/random_46_1.txt,,"670055389404
"," Time: 0.3202486038208008
"
/home/biorobotics/macc_decom_test_7x7/random_6_5.txt,,"937160491943
"," Time: 0.34563326835632324
"
/home/biorobotics/macc_decom_test_7x7/random_20_3.txt,,"6141128540039
"," Time: 0.03068852424621582
"
/home/biorobotics/macc_decom_test_7x7/random_0_4.txt,,"3633060455322
"," Time: 0.14246487617492676
"
/home/biorobotics/macc_decom_test_7x7/random_62_3.txt,,"0572128295898
"," Time: 0.03199148178100586
"
/home/biorobotics/macc_decom_test_7x7/random_47_3.txt,,"002588272095
"," Time: 0.3181898593902588
"
/home/biorobotics/macc_decom_test_7x7/random_64_7.txt,,"966245651245
"," Time: 0.1937699317932129
"
/home/biorobotics/macc_decom_test_7x7/random_20_7.txt,,"417655944824
"," Time: 0.30597829818725586
"
/home/biorobotics/macc_decom_test_7x7/random_68_0.txt,,"768301010132
"," Time: 0.0932765007019043
"
/home/biorobotics/macc_decom_test_7x7/random_54_1.txt,,"1368064880371
"," Time: 0.32976222038269043
"
/home/biorobotics/macc_decom_test_7x7/random_56_2.txt,,"498208999634
"," Time: 0.15366101264953613
"
/home/biorobotics/macc_decom_test_7x7/random_34_5.txt,,"7410793304443
"," Time: 0.09514403343200684
"
/home/biorobotics/macc_decom_test_7x7/random_47_8.txt,,"0424671173096
"," Time: 0.08533263206481934
"
/home/biorobotics/macc_decom_test_7x7/random_13_1.txt,,"020206451416
"," Time: 0.09586524963378906
"
/home/biorobotics/macc_decom_test_7x7/random_18_5.txt,,"1469650268555
"," Time: 0.08098816871643066
"
/home/biorobotics/macc_decom_test_7x7/random_53_2.txt,,"841569900513
"," Time: 0.4092590808868408
"
/home/biorobotics/macc_decom_test_7x7/random_80_5.txt,,"639423370361
"," Time: 0.30852437019348145
"
/home/biorobotics/macc_decom_test_7x7/random_14_1.txt,,"411895751953
"," Time: 0.32560157775878906
"
/home/biorobotics/macc_decom_test_7x7/random_57_5.txt,,"5453491210938
"," Time: 0.058171987533569336
"
/home/biorobotics/macc_decom_test_7x7/random_78_1.txt,,"179452896118
"," Time: 0.16098356246948242
"
/home/biorobotics/macc_decom_test_7x7/random_34_6.txt,,"900226593018
"," Time: 0.19497394561767578
"
/home/biorobotics/macc_decom_test_7x7/random_11_8.txt,,"7438621521
"," Time: 0.1310265064239502
"
/home/biorobotics/macc_decom_test_7x7/random_44_7.txt,,"249542236328
"," Time: 0.07095575332641602
"
/home/biorobotics/macc_decom_test_7x7/random_24_5.txt,,"288860321045
"," Time: 0.267627477645874
"
/home/biorobotics/macc_decom_test_7x7/random_42_10.txt,,"428663253784
"," Time: 0.16019225120544434
"
/home/biorobotics/macc_decom_test_7x7/random_39_1.txt,,"8522872924805
"," Time: 0.3020918369293213
"
/home/biorobotics/macc_decom_test_7x7/random_27_7.txt,,"2457027435303
"," Time: 0.028139114379882812
"
/home/biorobotics/macc_decom_test_7x7/random_83_10.txt,,"57395362854
"," Time: 0.13393020629882812
"
/home/biorobotics/macc_decom_test_7x7/random_8_6.txt,,"29935836792
"," Time: 0.1123650074005127
"
/home/biorobotics/macc_decom_test_7x7/random_3_2.txt,,"771713256836
"," Time: 0.15463638305664062
"
/home/biorobotics/macc_decom_test_7x7/random_37_12.txt,,"982692718506
"," Time: 0.07095575332641602
"
/home/biorobotics/macc_decom_test_7x7/random_75_3.txt,,"141910552979
"," Time: 0.4767496585845947
"
/home/biorobotics/macc_decom_test_7x7/random_47_2.txt,,"9721145629883
"," Time: 0.0932011604309082
"
/home/biorobotics/macc_decom_test_7x7/random_26_7.txt,,"3032264709473
"," Time: 0.06700420379638672
"
/home/biorobotics/macc_decom_test_7x7/random_49_1.txt,,"969455718994
"," Time: 0.18229007720947266
"
/home/biorobotics/macc_decom_test_7x7/random_18_11.txt,,"9097366333008
"," Time: 0.025023221969604492
"
/home/biorobotics/macc_decom_test_7x7/random_34_2.txt,,"885353088379
"," Time: 0.33298730850219727
"
/home/biorobotics/macc_decom_test_7x7/random_30_2.txt,,"82311630249
"," Time: 0.3024117946624756
"
/home/biorobotics/macc_decom_test_7x7/random_18_3.txt,,"754964828491
"," Time: 0.5315132141113281
"
/home/biorobotics/macc_decom_test_7x7/random_44_1.txt,,"456645965576
"," Time: 0.3709700107574463
"
/home/biorobotics/macc_decom_test_7x7/random_82_12.txt,,"9320011138916
"," Time: 0.021345138549804688
"
/home/biorobotics/macc_decom_test_7x7/random_20_1.txt,,"071418762207
"," Time: 0.08812212944030762
"
/home/biorobotics/macc_decom_test_7x7/random_20_6.txt,,"5163745880127
"," Time: 0.09549283981323242
"
/home/biorobotics/macc_decom_test_7x7/random_24_0.txt,,"9200601577759
"," Time: 0.26667237281799316
"
/home/biorobotics/macc_decom_test_7x7/random_73_3.txt,,"173997879028
"," Time: 0.23600435256958008
"
/home/biorobotics/macc_decom_test_7x7/random_72_5.txt,,"049741744995
"," Time: 0.1969614028930664
"
/home/biorobotics/macc_decom_test_7x7/random_27_2.txt,,"3068866729736
"," Time: 0.14012789726257324
"
/home/biorobotics/macc_decom_test_7x7/random_13_4.txt,,"527235031128
"," Time: 0.16025328636169434
"
/home/biorobotics/macc_decom_test_7x7/random_37_8.txt,,"808982849121
"," Time: 0.05343508720397949
"
/home/biorobotics/macc_decom_test_7x7/random_4_1.txt,,"237480163574
"," Time: 0.17092084884643555
"
/home/biorobotics/macc_decom_test_7x7/random_62_6.txt,,"3082752227783
"," Time: 0.024959802627563477
"
/home/biorobotics/macc_decom_test_7x7/random_45_0.txt,,"005626678467
"," Time: 0.16399598121643066
"
/home/biorobotics/macc_decom_test_7x7/random_14_5.txt,,"7401542663574
"," Time: 0.07847929000854492
"
/home/biorobotics/macc_decom_test_7x7/random_47_4.txt,,"635684967041
"," Time: 0.31444263458251953
"
/home/biorobotics/macc_decom_test_7x7/random_79_6.txt,,"6636352539062
"," Time: 0.07042551040649414
"
/home/biorobotics/macc_decom_test_7x7/random_0_0.txt,,"4287109375
"," Time: 0.3165562152862549
"
/home/biorobotics/macc_decom_test_7x7/random_48_6.txt,,"5199604034424
"," Time: 0.028273820877075195
"
/home/biorobotics/macc_decom_test_7x7/random_52_3.txt,,"925029754639
"," Time: 0.39487552642822266
"
/home/biorobotics/macc_decom_test_7x7/random_23_10.txt,,"1426334381104
"," Time: 0.02666020393371582
"
/home/biorobotics/macc_decom_test_7x7/random_6_8.txt,,"9276523590088
"," Time: 0.02875828742980957
"
/home/biorobotics/macc_decom_test_7x7/random_10_8.txt,,"705137252808
"," Time: 0.12138652801513672
"
/home/biorobotics/macc_decom_test_7x7/random_23_4.txt,,"0828075408936
"," Time: 0.14244842529296875
"
/home/biorobotics/macc_decom_test_7x7/random_21_7.txt,,"1546115875244
"," Time: 0.02402663230895996
"
/home/biorobotics/macc_decom_test_7x7/random_18_0.txt,,"605222702026
"," Time: 0.5368967056274414
"
/home/biorobotics/macc_decom_test_7x7/random_30_1.txt,,"157548904419
"," Time: 0.2740664482116699
"
/home/biorobotics/macc_decom_test_7x7/random_81_2.txt,,"679121017456
"," Time: 0.32335901260375977
"
/home/biorobotics/macc_decom_test_7x7/random_84_2.txt,,"0064792633057
"," Time: 0.09203052520751953
"
/home/biorobotics/macc_decom_test_7x7/random_26_0.txt,,"1073055267334
"," Time: 0.1621556282043457
"
/home/biorobotics/macc_decom_test_7x7/random_20_5.txt,,"4780282974243
"," Time: 0.29184436798095703
"
/home/biorobotics/macc_decom_test_7x7/random_20_8.txt,,"659900665283
"," Time: 0.29982876777648926
"
/home/biorobotics/macc_decom_test_7x7/random_23_3.txt,,"9273777008057
"," Time: 0.288041353225708
"
/home/biorobotics/macc_decom_test_7x7/random_68_2.txt,,"89448928833
"," Time: 0.17954707145690918
"
/home/biorobotics/macc_decom_test_7x7/random_43_12.txt,,"6027126312256
"," Time: 0.05803275108337402
"
/home/biorobotics/macc_decom_test_7x7/random_49_9.txt,,"5434226989746
"," Time: 0.023667097091674805
"
/home/biorobotics/macc_decom_test_7x7/random_31_1.txt,,"119625091553
"," Time: 0.22670888900756836
"
/home/biorobotics/macc_decom_test_7x7/random_79_11.txt,,"3222675323486
"," Time: 0.06905865669250488
"
/home/biorobotics/macc_decom_test_7x7/random_40_8.txt,,"903835296631
"," Time: 0.08437275886535645
"
/home/biorobotics/macc_decom_test_7x7/random_18_6.txt,,"154748916626
"," Time: 0.46772241592407227
"
/home/biorobotics/macc_decom_test_7x7/random_81_9.txt,,"479372024536
"," Time: 0.15560555458068848
"
/home/biorobotics/macc_decom_test_7x7/random_43_6.txt,,"6441974639893
"," Time: 0.08658003807067871
"
/home/biorobotics/macc_decom_test_7x7/random_18_7.txt,,"309440612793
"," Time: 0.20546364784240723
"
/home/biorobotics/macc_decom_test_7x7/random_81_6.txt,,"5755758285522
"," Time: 0.47278666496276855
"
/home/biorobotics/macc_decom_test_7x7/random_7_3.txt,,"576105117798
"," Time: 0.2882719039916992
"
/home/biorobotics/macc_decom_test_7x7/random_25_0.txt,,"501907348633
"," Time: 0.08082175254821777
"
/home/biorobotics/macc_decom_test_7x7/random_17_9.txt,,"342357635498
"," Time: 0.02825617790222168
"
/home/biorobotics/macc_decom_test_7x7/random_4_6.txt,,"6993618011475
"," Time: 0.07898759841918945
"
/home/biorobotics/macc_decom_test_7x7/random_77_6.txt,,"428554534912
"," Time: 0.29863929748535156
"
/home/biorobotics/macc_decom_test_7x7/random_62_4.txt,,"1143779754639
"," Time: 0.033959388732910156
"
/home/biorobotics/macc_decom_test_7x7/random_39_5.txt,,"891223907471
"," Time: 0.16188549995422363
"
/home/biorobotics/macc_decom_test_7x7/random_15_6.txt,,"6268196105957
"," Time: 0.02662515640258789
"
/home/biorobotics/macc_decom_test_7x7/random_39_0.txt,,"1677083969116
"," Time: 0.2889862060546875
"
/home/biorobotics/macc_decom_test_7x7/random_67_4.txt,,"3695001602173
"," Time: 0.9558041095733643
"
/home/biorobotics/macc_decom_test_7x7/random_12_7.txt,,"54730796814
"," Time: 0.13283395767211914
"
/home/biorobotics/macc_decom_test_7x7/random_74_5.txt,,"4931392669678
"," Time: 0.03619265556335449
"
/home/biorobotics/macc_decom_test_7x7/random_72_8.txt,,"9458599090576
"," Time: 0.028795242309570312
"
/home/biorobotics/macc_decom_test_7x7/random_7_1.txt,,"4468955993652
"," Time: 0.24161314964294434
"
/home/biorobotics/macc_decom_test_7x7/random_24_8.txt,,"0208110809326
"," Time: 0.05555224418640137
"
/home/biorobotics/macc_decom_test_7x7/random_59_2.txt,,"434127807617
"," Time: 0.4151909351348877
"
/home/biorobotics/macc_decom_test_7x7/random_84_11.txt,,"4661045074463
"," Time: 0.03755044937133789
"
/home/biorobotics/macc_decom_test_7x7/random_60_0.txt,,"8311042785645
"," Time: 0.15373563766479492
"
/home/biorobotics/macc_decom_test_7x7/random_64_1.txt,,"6916427612305
"," Time: 0.0868368148803711
"
/home/biorobotics/macc_decom_test_7x7/random_19_10.txt,,"108938217163
"," Time: 0.09182143211364746
"
/home/biorobotics/macc_decom_test_7x7/random_84_4.txt,,"9101276397705
"," Time: 0.29590463638305664
"
/home/biorobotics/macc_decom_test_7x7/random_39_3.txt,,"142137527466
"," Time: 0.14825105667114258
"
/home/biorobotics/macc_decom_test_7x7/random_75_11.txt,,"5397939682007
"," Time: 0.2957611083984375
"
/home/biorobotics/macc_decom_test_7x7/random_57_2.txt,,"7096786499023
"," Time: 0.17350363731384277
"
/home/biorobotics/macc_decom_test_7x7/random_66_4.txt,,"7066173553467
"," Time: 0.11339640617370605
"
/home/biorobotics/macc_decom_test_7x7/random_80_12.txt,,"825643539429
"," Time: 0.12167048454284668
"
/home/biorobotics/macc_decom_test_7x7/random_25_6.txt,,"2205123901367
"," Time: 0.05084729194641113
"
/home/biorobotics/macc_decom_test_7x7/random_51_2.txt,,"327646255493
"," Time: 0.16851091384887695
"
/home/biorobotics/macc_decom_test_7x7/random_54_3.txt,,"62710571289
"," Time: 0.3424079418182373
"
/home/biorobotics/macc_decom_test_7x7/random_31_7.txt,,"9679536819458
"," Time: 0.157029390335083
"
/home/biorobotics/macc_decom_test_7x7/random_35_1.txt,,"0219917297363
"," Time: 0.08403706550598145
"
/home/biorobotics/macc_decom_test_7x7/random_37_0.txt,,"6328630447388
"," Time: 0.6107726097106934
"
/home/biorobotics/macc_decom_test_7x7/random_39_10.txt,,"2639694213867
"," Time: 0.0265505313873291
"
/home/biorobotics/macc_decom_test_7x7/random_65_9.txt,,"1069431304932
"," Time: 0.4539649486541748
"
/home/biorobotics/macc_decom_test_7x7/random_1_1.txt,,"896306991577
"," Time: 0.0847165584564209
"
/home/biorobotics/macc_decom_test_7x7/random_2_1.txt,,"133665084839
"," Time: 0.5653550624847412
"
/home/biorobotics/macc_decom_test_7x7/random_67_1.txt,,"470018386841
"," Time: 0.20797348022460938
"
/home/biorobotics/macc_decom_test_7x7/random_65_8.txt,,"2733211517334
"," Time: 0.062323808670043945
"
/home/biorobotics/macc_decom_test_7x7/random_35_8.txt,,"675777435303
"," Time: 0.2343769073486328
"
/home/biorobotics/macc_decom_test_7x7/random_6_10.txt,,"7950897216797
"," Time: 0.02657032012939453
"
/home/biorobotics/macc_decom_test_7x7/random_65_1.txt,,"766719818115
"," Time: 0.17940235137939453
"
/home/biorobotics/macc_decom_test_7x7/random_76_5.txt,,"4637393951416
"," Time: 0.07263350486755371
"
/home/biorobotics/macc_decom_test_7x7/random_3_8.txt,,"0307998657227
"," Time: 0.16274356842041016
"
/home/biorobotics/macc_decom_test_7x7/random_45_5.txt,,"3071031570435
"," Time: 0.1551525592803955
"
/home/biorobotics/macc_decom_test_7x7/random_80_1.txt,,"830196380615
"," Time: 0.303516149520874
"
/home/biorobotics/macc_decom_test_7x7/random_30_4.txt,,"0885219573975
"," Time: 0.14588427543640137
"
/home/biorobotics/macc_decom_test_7x7/random_14_4.txt,,"5365228652954
"," Time: 0.15675616264343262
"
/home/biorobotics/macc_decom_test_7x7/random_31_6.txt,,"1832046508789
"," Time: 0.14807629585266113
"
/home/biorobotics/macc_decom_test_7x7/random_19_3.txt,,"702785491943
"," Time: 0.17809581756591797
"
/home/biorobotics/macc_decom_test_7x7/random_41_5.txt,,"2926483154297
"," Time: 0.0717918872833252
"
/home/biorobotics/macc_decom_test_7x7/random_64_4.txt,,"33136177063
"," Time: 0.08011484146118164
"
/home/biorobotics/macc_decom_test_7x7/random_56_6.txt,,"7530517578125
"," Time: 0.11920285224914551
"
/home/biorobotics/macc_decom_test_7x7/random_4_10.txt,,"625566482544
"," Time: 0.024790048599243164
"
/home/biorobotics/macc_decom_test_7x7/random_52_5.txt,,"6512298583984
"," Time: 0.5146040916442871
"
/home/biorobotics/macc_decom_test_7x7/random_85_0.txt,,"10537815094
"," Time: 0.1813971996307373
"
/home/biorobotics/macc_decom_test_7x7/random_37_7.txt,,"8088684082031
"," Time: 0.0505373477935791
"
/home/biorobotics/macc_decom_test_7x7/random_7_8.txt,,"233180999756
"," Time: 0.06521940231323242
"
/home/biorobotics/macc_decom_test_7x7/random_41_10.txt,,"897087097168
"," Time: 0.20319557189941406
"
/home/biorobotics/macc_decom_test_7x7/random_35_7.txt,,"400369644165
"," Time: 0.056822776794433594
"
/home/biorobotics/macc_decom_test_7x7/random_71_6.txt,,"50834274292
"," Time: 0.06454062461853027
"
/home/biorobotics/macc_decom_test_7x7/random_8_5.txt,,"9051685333252
"," Time: 0.2893967628479004
"
/home/biorobotics/macc_decom_test_7x7/random_74_3.txt,,"4841327667236
"," Time: 0.05729222297668457
"
/home/biorobotics/macc_decom_test_7x7/random_42_0.txt,,"806352615356
"," Time: 0.4591555595397949
"
/home/biorobotics/macc_decom_test_7x7/random_75_0.txt,,"897556304932
"," Time: 0.3338291645050049
"
/home/biorobotics/macc_decom_test_7x7/random_35_10.txt,,"8898134231567
"," Time: 0.16430234909057617
"
/home/biorobotics/macc_decom_test_7x7/random_49_10.txt,,"6363849639893
"," Time: 0.02218341827392578
"
/home/biorobotics/macc_decom_test_7x7/random_54_5.txt,,"1963939666748
"," Time: 0.5561041831970215
"
/home/biorobotics/macc_decom_test_7x7/random_80_6.txt,,"759784698486
"," Time: 0.1413276195526123
"
/home/biorobotics/macc_decom_test_7x7/random_77_0.txt,,"180461883545
"," Time: 0.1706247329711914
"
/home/biorobotics/macc_decom_test_7x7/random_74_1.txt,,"570598602295
"," Time: 0.310701847076416
"
/home/biorobotics/macc_decom_test_7x7/random_75_6.txt,,"9325904846191
"," Time: 0.15251374244689941
"
/home/biorobotics/macc_decom_test_7x7/random_76_13.txt,,"9682197570801
"," Time: 0.023925065994262695
"
/home/biorobotics/macc_decom_test_7x7/random_79_9.txt,,"0270557403564
"," Time: 0.13392043113708496
"
/home/biorobotics/macc_decom_test_7x7/random_5_3.txt,,"2210636138916
"," Time: 0.09324383735656738
"
/home/biorobotics/macc_decom_test_7x7/random_9_3.txt,,"019104003906
"," Time: 0.41833019256591797
"
/home/biorobotics/macc_decom_test_7x7/random_79_5.txt,,"930801391602
"," Time: 0.14635443687438965
"
/home/biorobotics/macc_decom_test_7x7/random_36_0.txt,,"9680242538452
"," Time: 0.3388254642486572
"
/home/biorobotics/macc_decom_test_7x7/random_69_3.txt,,"0981979370117
"," Time: 0.1343531608581543
"
/home/biorobotics/macc_decom_test_7x7/random_17_5.txt,,"2142496109009
"," Time: 0.4533812999725342
"
/home/biorobotics/macc_decom_test_7x7/random_76_4.txt,,"8985204696655
"," Time: 0.48372697830200195
"
/home/biorobotics/macc_decom_test_7x7/random_83_2.txt,,"0606899261475
"," Time: 0.1744520664215088
"
/home/biorobotics/macc_decom_test_7x7/random_73_5.txt,,"9092016220093
"," Time: 0.23135018348693848
"
/home/biorobotics/macc_decom_test_7x7/random_37_13.txt,,"3940677642822
"," Time: 0.022564172744750977
"
/home/biorobotics/macc_decom_test_7x7/random_56_7.txt,,"457626342773
"," Time: 0.22122478485107422
"
/home/biorobotics/macc_decom_test_7x7/random_83_5.txt,,"2138175964355
"," Time: 0.15201687812805176
"
/home/biorobotics/macc_decom_test_7x7/random_6_2.txt,,"1229190826416
"," Time: 0.15569281578063965
"
/home/biorobotics/macc_decom_test_7x7/random_77_2.txt,,"354835510254
"," Time: 0.35669970512390137
"
/home/biorobotics/macc_decom_test_7x7/random_9_1.txt,,"389404296875
"," Time: 0.254488468170166
"
/home/biorobotics/macc_decom_test_7x7/random_5_2.txt,,"2367792129517
"," Time: 0.1787879467010498
"
/home/biorobotics/macc_decom_test_7x7/random_83_8.txt,,"818693161011
"," Time: 0.13603854179382324
"
/home/biorobotics/macc_decom_test_7x7/random_15_4.txt,,"5539054870605
"," Time: 0.031513214111328125
"
/home/biorobotics/macc_decom_test_7x7/random_38_8.txt,,"944622039795
"," Time: 0.19533085823059082
"
/home/biorobotics/macc_decom_test_7x7/random_15_5.txt,,"676565170288
"," Time: 0.3171811103820801
"
/home/biorobotics/macc_decom_test_7x7/random_18_8.txt,,"307710647583
"," Time: 0.1283421516418457
"
/home/biorobotics/macc_decom_test_7x7/random_54_2.txt,,"100339889526
"," Time: 0.3233332633972168
"
/home/biorobotics/macc_decom_test_7x7/random_63_6.txt,,"244234085083
"," Time: 0.19439244270324707
"
/home/biorobotics/macc_decom_test_7x7/random_32_7.txt,,"4445781707764
"," Time: 0.45783209800720215
"
/home/biorobotics/macc_decom_test_7x7/random_39_4.txt,,"3019094467163
"," Time: 0.4884953498840332
"
/home/biorobotics/macc_decom_test_7x7/random_46_2.txt,,"929323196411
"," Time: 0.07683420181274414
"
/home/biorobotics/macc_decom_test_7x7/random_79_12.txt,,"129940032959
"," Time: 0.06406497955322266
"
